date,vt1,vt1.5,vt2,vt2.5,vt3,ma1,ma2,ma3,ny1,ny2,ny3,md1,md2,md3,pa1,pa2,pa3,de1,de2,de3,vt1.cum,vt1.5.cum,vt2.cum,vt2.5.cum,vt3.cum,ma1.cum,ma2.cum,ma3.cum,ny1.cum,ny2.cum,ny3.cum,md1.cum,md2.cum,md3.cum,pa1.cum,pa2.cum,pa3.cum,de1.cum,de2.cum,de3.cum
9/20/21,20.4,0,0,0,0,0,0,0,0,0,0,0,0,0,0,0,0,0,0,0,20.4,0,0,0,0,0,0,0,0,0,0,0,0,0,0,0,0,0,0,0
9/21/21,28.15,0,0,0,0,23.60,0.00,0,0,0,0,0,0,0,0,0,0,0,0,0,48.55,0,0,0,0,23.6,0,0,0,0,0,0,0,0,0,0,0,0,0,0
9/22/21,31.4,0,0,0,0,30.05,0.00,0,0,0,0,0,0,0,0,0,0,0,0,0,79.95,0,0,0,0,53.65,0,0,0,0,0,0,0,0,0,0,0,0,0,0
9/23/21,37.4,0,0,0,0,35.85,0.00,0,0,0,0,0,0,0,0,0,0,0,0,0,117.35,0,0,0,0,89.5,0,0,0,0,0,0,0,0,0,0,0,0,0,0
9/24/21,27.85,0,0,0,0,24.85,0.00,0,0,0,0,0,0,0,0,0,0,0,0,0,145.2,0,0,0,0,114.35,0,0,0,0,0,0,0,0,0,0,0,0,0,0
9/25/21,22.45,0,0,0,0,23.70,0.00,0,0,0,0,0,0,0,0,0,0,0,0,0,167.65,0,0,0,0,138.05,0,0,0,0,0,0,0,0,0,0,0,0,0,0
9/26/21,20.65,0,0,0,0,20.55,0.00,0,0,0,0,0,0,0,0,0,0,0,0,0,188.3,0,0,0,0,158.6,0,0,0,0,0,0,0,0,0,0,0,0,0,0
9/27/21,16.2,0,0,0,0,20.15,0.00,0,0,0,0,0,0,0,0,0,0,0,0,0,204.5,0,0,0,0,178.75,0,0,0,0,0,0,0,0,0,0,0,0,0,0
9/28/21,13.6,0,0,0,0,20.35,0.00,0,0,0,0,0,0,0,0,0,0,0,0,0,218.1,0,0,0,0,199.1,0,0,0,0,0,0,0,0,0,0,0,0,0,0
9/29/21,10.4,10.4,0,0,0,14.95,0.00,0,0,0,0,0,0,0,0,0,0,0,0,0,228.5,10.4,0,0,0,214.05,0,0,0,0,0,0,0,0,0,0,0,0,0,0
9/30/21,6.115838242,6.115838242,0,0,0,13.75,0.00,0,14,0,0,0,0,0,0,0,0,0,0,0,234.6158382,16.51583824,0,0,0,227.8,0,0,14,0,0,0,0,0,0,0,0,0,0,0
10/1/21,15.3,15.3,0,0,0,14.05,0.00,0,7.740033879,0,0,0,0,0,0,0,0,0,0,0,249.9158382,31.81583824,0,0,0,241.85,0,0,21.74003388,0,0,0,0,0,0,0,0,0,0,0
10/2/21,13.8,13.8,0,0,0,20.40,0.00,0,10.09348481,0,0,0,0,0,0,0,0,0,0,0,263.7158382,45.61583824,0,0,0,262.25,0,0,31.83351869,0,0,0,0,0,0,0,0,0,0,0
10/3/21,14.75,14.75,0,0,0,24.25,0.00,0,19.5,0,0,0,0,0,0,0,0,0,0,0,278.4658382,60.36583824,0,0,0,286.5,0,0,51.33351869,0,0,0,0,0,0,0,0,0,0,0
10/4/21,14.05,14.05,0,0,0,17.85,0.00,0,20.5,0,0,34.5,0,0,0,0,0,0,0,0,292.5158382,74.41583824,0,0,0,304.35,0,0,71.83351869,0,0,34.5,0,0,0,0,0,0,0,0
10/5/21,19.25,19.25,0,0,0,15.40,0.00,0,25,0,0,34,0,0,0,0,0,0,0,0,311.7658382,93.66583824,0,0,0,319.75,0,0,96.83351869,0,0,68.5,0,0,0,0,0,0,0,0
10/6/21,18.05,18.05,0,0,0,24.40,24.40,0,22,0,0,32.5,0,0,0,0,0,0,0,0,329.8158382,111.7158382,0,0,0,344.15,24.4,0,118.8335187,0,0,101,0,0,0,0,0,0,0,0
10/7/21,19.1,19.1,19.1,0,0,23.85,23.85,0,24,0,0,26,0,0,23.75,0,0,0,0,0,348.9158382,130.8158382,19.1,0,0,368,48.25,0,142.8335187,0,0,127,0,0,23.75,0,0,0,0,0
10/8/21,20.85,20.85,20.85,0,0,24.70,24.70,0,25.5,0,0,28.5,0,0,23.45,0,0,0,0,0,369.7658382,151.6658382,39.95,0,0,392.7,72.95,0,168.3335187,0,0,155.5,0,0,47.2,0,0,0,0,0
10/9/21,20.5,20.5,20.5,0,0,20.00,20.00,0,25,0,0,30,0,0,22.45,0,0,0,0,0,390.2658382,172.1658382,60.45,0,0,412.7,92.95,0,193.3335187,0,0,185.5,0,0,69.65,0,0,0,0,0
10/10/21,23.5,23.5,23.5,0,0,18.25,18.25,0,21,0,0,28,0,0,21.95,0,0,0,0,0,413.7658382,195.6658382,83.95,0,0,430.95,111.2,0,214.3335187,0,0,213.5,0,0,91.6,0,0,0,0,0
10/11/21,26.4,26.4,26.4,0,0,22.15,22.15,0,23.5,0,0,27,0,0,22.4,0,0,0,0,0,440.1658382,222.0658382,110.35,0,0,453.1,133.35,0,237.8335187,0,0,240.5,0,0,114,0,0,0,0,0
10/12/21,25.95,25.95,25.95,0,0,22.80,22.80,0,23,0,0,24.5,0,0,21.2,0,0,0,0,0,466.1158382,248.0158382,136.3,0,0,475.9,156.15,0,260.8335187,0,0,265,0,0,135.2,0,0,0,0,0
10/13/21,24.75,24.75,24.75,24.75,0,22.30,22.30,0,22.5,0,0,27.5,0,0,24.05,0,0,25.4,0,0,490.8658382,272.7658382,161.05,24.75,0,498.2,178.45,0,283.3335187,0,0,292.5,0,0,159.25,0,0,25.4,0,0
10/14/21,26,26,26,26,0,25.95,25.95,0,20.5,0,0,25.5,0,0,22.15,0,0,27.6,0,0,516.8658382,298.7658382,187.05,50.75,0,524.15,204.4,0,303.8335187,0,0,318,0,0,181.4,0,0,53,0,0
10/15/21,25.5,25.5,25.5,25.5,0,24.05,24.05,0,21.5,0,0,28,0,0,29.3,0,0,29.4,0,0,542.3658382,324.2658382,212.55,76.25,0,548.2,228.45,0,325.3335187,0,0,346,0,0,210.7,0,0,82.4,0,0
10/16/21,23.35,23.35,23.35,23.35,0,26.25,26.25,0,29,0,0,31.5,0,0,18.85,0,0,30.4,0,0,565.7158382,347.6158382,235.9,99.6,0,574.45,254.7,0,354.3335187,0,0,377.5,0,0,229.55,0,0,112.8,0,0
10/17/21,13.1,13.1,13.1,13.1,0,14.60,14.60,0,17.5,0,0,24,0,0,10.5,0,0,15.85,0,0,578.8158382,360.7158382,249,112.7,0,589.05,269.3,0,371.8335187,0,0,401.5,0,0,240.05,0,0,128.65,0,0
10/18/21,9.1,9.1,9.1,9.1,0,10.45,10.45,0,10,0,0,13,0,0,11.4,0,0,15.4,0,0,587.9158382,369.8158382,258.1,121.8,0,599.5,279.75,0,381.8335187,0,0,414.5,0,0,251.45,0,0,144.05,0,0
10/19/21,7.5,7.5,7.5,7.5,0,11.41,11.41,0,3.388695327,0,0,12.72776922,0,0,14,0,0,14.55,0,0,595.4158382,377.3158382,265.6,129.3,0,610.91,291.1558935,0,385.222214,0,0,427.2277692,0,0,265.45,0,0,158.6,0,0
10/20/21,14.1,14.1,14.1,14.1,14.1,20.00,20.00,0,11.08983269,0,0,19.5,0,0,19.05,0,0,23.8,0,0,609.5158382,391.4158382,279.7,143.4,14.1,630.91,311.1558935,0,396.3120467,0,0,446.7277692,0,0,284.5,0,0,182.4,0,0
10/21/21,16.6,16.6,16.6,16.6,16.6,22.95,22.95,0,15.5,15.5,0,20,20,0,18.65,0,0,23.75,0,0,626.1158382,408.0158382,296.3,160,30.7,653.86,334.1058935,0,411.8120467,15.5,0,466.7277692,20,0,303.15,0,0,206.15,0,0
10/22/21,10.45,10.45,10.45,10.45,10.45,18.10,18.10,0,17.5,17.5,0,25.5,25.5,0,12.85,17.1,0,23.15,0,0,636.5658382,418.4658382,306.75,170.45,41.15,671.96,352.2058935,0,429.3120467,33,0,492.2277692,45.5,0,316,17.1,0,229.3,0,0
10/23/21,2.889690554,2.889690554,2.889690554,2.889690554,2.889690554,8.55,8.55,0,4.229104717,4.229104717,0,19.5,19.5,0,4.365061518,14.95,0,17.8,0,0,639.4555288,421.3555288,309.6396906,173.3396906,44.03969055,680.51,360.7518997,0,433.5411514,37.22910472,0,511.7277692,65,0,320.3650615,32.05,0,247.1,0,0
10/24/21,6.307934897,6.307934897,6.307934897,6.307934897,6.307934897,7.98,7.98,0,3.644062389,3.644062389,0,17,17,0,6.009485409,8.9,0,18.7,0,0,645.7634637,427.6634637,315.9476255,179.6476255,50.34762545,688.49,368.7321987,0,437.1852138,40.87316711,0,528.7277692,82,0,326.3745469,40.95,0,265.8,0,0
10/25/21,1.849533278,1.849533278,1.849533278,1.849533278,1.849533278,8.30,8.30,0,8.5,8.5,0,21,21,0,17.8,5.139235388,0,29.5,0,0,647.612997,429.512997,317.7971587,181.4971587,52.19715873,696.79,377.0321987,0,445.6852138,49.37316711,0,549.7277692,103,0,344.1745469,46.08923539,0,295.3,0,0
10/26/21,8.25,8.25,8.25,8.25,8.25,10.25,10.25,0,20.5,20.5,0,28.5,28.5,0,9.4,7.34753286,0,19.7,0,0,655.862997,437.762997,326.0471587,189.7471587,60.44715873,707.04,387.2821987,0,466.1852138,69.87316711,0,578.2277692,131.5,0,353.5745469,53.43676825,0,315,0,0
10/27/21,10.05,10.05,10.05,10.05,10.05,12.15,12.15,0,9,9,0,17,17,0,14.25,5.57768831,0,17.65,0,0,665.912997,447.812997,336.0971587,199.7971587,70.49715873,719.19,399.4321987,0,475.1852138,78.87316711,0,595.2277692,148.5,0,367.8245469,59.01445656,0,332.65,0,0
10/28/21,6.314642839,6.314642839,6.314642839,6.314642839,6.314642839,8.74,8.74,0,4.128129363,4.128129363,0,17.5,17.5,0,7.996728912,7.570911739,0,16.15,0,0,672.2276398,454.1276398,342.4118016,206.1118016,76.81180157,727.93,408.1767749,0,479.3133432,83.00129647,0,612.7277692,166,0,375.8212758,66.5853683,0,348.8,0,0
10/29/21,6.805960159,6.805960159,6.805960159,6.805960159,6.805960159,6.40,6.40,0,6.790505781,6.790505781,0,19,19,0,10.9,16.05,0,21.15,0,0,679.0336,460.9336,349.2177617,212.9177617,83.61776173,734.33,414.5800605,0,486.103849,89.79180225,0,631.7277692,185,0,386.7212758,82.6353683,0,369.95,0,0
10/30/21,6.707095417,6.707095417,6.707095417,6.707095417,6.707095417,11.45,11.45,0,11,11,0,17,17,0,8.5,12.18398904,0,20.55,0,0,685.7406954,467.6406954,355.9248571,219.6248571,90.32485714,745.78,426.0300605,0,497.103849,100.7918023,0,648.7277692,202,0,395.2212758,94.81935733,0,390.5,0,0
10/31/21,10.15,10.15,10.15,10.15,10.15,19.10,19.10,0,12,12,0,15.5,15.5,0,10.85,13.00592126,0,19.4,0,0,695.8906954,477.7906954,366.0748571,229.7748571,100.4748571,764.88,445.1300605,0,509.103849,112.7918023,0,664.2277692,217.5,0,406.0712758,107.8252786,0,409.9,0,0
11/1/21,7.85,7.85,7.85,7.85,7.85,8.05,8.05,8.050323609,9,9,0,15.5,15.5,0,4.638861893,16.1,0,11.35,0,0,703.7406954,485.6406954,373.9248571,237.6248571,108.3248571,772.93,453.1803841,8.050323609,518.103849,121.7918023,0,679.7277692,233,0,410.7101377,123.9252786,0,421.25,0,0
11/2/21,2.952748922,2.952748922,2.952748922,2.952748922,2.952748922,6.19,6.19,6.194229683,3.772503212,3.772503212,0,10.5,10.5,0,1.761565533,25.5,0,6.961820204,6.961820204,0,706.6934443,488.5934443,376.8776061,240.5776061,111.2776061,779.12,459.3746138,14.24455329,521.8763522,125.5643055,0,690.2277692,243.5,0,412.4717033,149.4252786,0,428.2118202,6.961820204,0
11/3/21,0.899019816,0.899019816,0.899019816,0.899019816,0.899019816,3.58,3.58,3.584189697,0.35383649,0.35383649,0,3.067701199,3.067701199,0,0.479198035,30.45,0,4.919040483,4.919040483,0,707.5924641,489.4924641,377.7766259,241.4766259,112.1766259,782.7,462.9588035,17.82874299,522.2301887,125.918142,0,693.2954704,246.5677012,0,412.9509013,179.8752786,0,433.1308607,11.88086069,0
11/4/21,0.628140645,0.628140645,0.628140645,0.628140645,0.628140645,2.79,2.79,2.788154997,0.115838242,0.115838242,0.115838242,3.813270363,3.813270363,0,1.452305951,16.6,0,4.958432026,4.958432026,0,708.2206048,490.1206048,378.4047665,242.1047665,112.8047665,785.49,465.7469585,20.61689799,522.3460269,126.0339802,0.115838242,697.1087408,250.3809716,0,414.4032072,196.4752786,0,438.0892927,16.83929271,0
11/5/21,2.866242038,2.866242038,2.866242038,2.866242038,2.866242038,3.94,3.94,3.93548084,0.280440964,0.280440964,0.280440964,4.334933385,4.334933385,0,2.161764103,5.071216231,0,4.798798108,4.798798108,0,711.0868468,492.9868468,381.2710086,244.9710086,115.6710086,789.43,469.6824393,24.55237883,522.6264679,126.3144212,0.396279206,701.4436742,254.7159049,0,416.5649714,201.5464948,0,442.8880908,21.63809082,0
11/6/21,3.184713376,3.184713376,3.184713376,3.184713376,3.184713376,4.20,4.20,4.203821656,0.758010395,0.758010395,0.758010395,4.759588685,4.759588685,0,2.501332396,4.767300031,0,6.636235166,6.636235166,0,714.2715602,496.1715602,384.4557219,248.1557219,118.8557219,793.63,473.886261,28.75620048,523.3844783,127.0724316,1.154289602,706.2032628,259.4754936,0,419.0663037,206.3137949,0,449.524326,28.27432599,0
11/7/21,4.561249713,4.561249713,4.561249713,4.561249713,4.561249713,5.78,5.78,5.783541439,2.874858511,2.874858511,2.874858511,6.564176828,6.564176828,0,5.722141595,10.52572902,0,8.3,8.3,0,718.8328099,500.7328099,389.0169717,252.7169717,123.4169717,799.41,479.6698024,34.53974192,526.2593368,129.9472901,4.029148113,712.7674397,266.0396705,0,424.7884453,216.8395239,0,457.824326,36.57432599,0
11/8/21,10.5,10.5,10.5,10.5,10.5,9.51,9.51,9.511421142,6.503025976,6.503025976,6.503025976,6.83987527,6.83987527,0,9.776420174,20.3,0,12.91686669,12.91686669,0,729.3328099,511.2328099,399.5169717,263.2169717,133.9169717,808.92,489.1812235,44.05116306,532.7623627,136.450316,10.53217409,719.6073149,272.8795457,0,434.5648655,237.1395239,0,470.7411927,49.49119267,0
11/9/21,13.5,13.5,13.5,13.5,13.5,12.12,12.12,12.12026179,8.918054016,8.918054016,8.918054016,13.39711495,13.39711495,0,12.84326031,9.504613861,0,15.52576576,15.52576576,0,742.8328099,524.7328099,413.0169717,276.7169717,147.4169717,821.04,501.3014853,56.17142485,541.6804168,145.3683701,19.4502281,733.0044299,286.2766607,0,447.4081258,246.6441377,0,486.2669584,65.01695843,0
11/10/21,11.5,11.5,11.5,11.5,11.5,10.07,10.07,10.06887627,7.782359692,7.782359692,7.782359692,19,19,19,10.14563698,0,0,16.6,16.6,0,754.3328099,536.2328099,424.5169717,288.2169717,158.9169717,831.11,511.3703616,66.24030112,549.4627764,153.1507297,27.2325878,752.0044299,305.2766607,19,457.5537628,246.6441377,0,502.8669584,81.61695843,0
11/11/21,6.45,6.45,6.45,6.45,6.45,6.06,6.06,6.061167776,3.415882573,3.415882573,3.415882573,17,17,17,7.644091884,0,0,15.1,15.1,0,760.7828099,542.6828099,430.9669717,294.6669717,165.3669717,837.17,517.4315294,72.3014689,552.878659,156.5666123,30.64847037,769.0044299,322.2766607,36,465.1978547,246.6441377,0,517.9669584,96.71695843,0
11/12/21,8.35,8.35,8.35,8.35,8.35,11.50,11.50,11.5,6.83987527,6.83987527,6.83987527,18.5,18.5,18.5,11,0,0,15.05,15.05,0,769.1328099,551.0328099,439.3169717,303.0169717,173.7169717,848.67,528.9315294,83.8014689,559.7185343,163.4064876,37.48834564,787.5044299,340.7766607,54.5,476.1978547,246.6441377,0,533.0169584,111.7669584,0
11/13/21,4.934157975,4.934157975,4.934157975,4.934157975,4.934157975,7.02,7.02,7.017513874,6.091798699,6.091798699,6.091798699,11.24018949,11.24018949,11.24018949,3.618837213,0,0,11.32590676,11.32590676,0,774.0669679,555.9669679,444.2511296,307.9511296,178.6511296,855.69,535.9490432,90.81898277,565.810333,169.4982863,43.58014434,798.7446194,352.0168502,65.74018949,479.8166919,246.6441377,0,544.3428652,123.0928652,0
11/14/21,2.384215734,2.384215734,2.384215734,2.384215734,2.384215734,3.22,3.22,3.215024377,1.124311276,1.124311276,1.124311276,3.821656051,3.821656051,3.821656051,0,0,0,3.017615445,3.017615445,0,776.4511836,558.3511836,446.6353454,310.3353454,181.0353454,858.91,539.1640676,94.03400715,566.9346443,170.6225976,44.70445561,802.5662754,355.8385062,69.56184554,479.8166919,246.6441377,0,547.3604806,126.1104806,0
11/15/21,0,0,0,0,0,2.93,2.93,2.929868874,0.176918245,0.176918245,0.176918245,3.383953161,3.383953161,3.383953161,0,0,0,4.270694103,4.270694103,0,776.4511836,558.3511836,446.6353454,310.3353454,181.0353454,861.84,542.0939365,96.96387602,567.1115625,170.7995158,44.88137386,805.9502286,359.2224594,72.9457987,479.8166919,246.6441377,0,551.6311747,130.3811747,0
11/16/21,0,0,0,0,0,1.69,1.69,1.686699169,0,0,0,3.097741087,3.097741087,3.097741087,0.645414933,0,0,4.406189129,4.406189129,0,776.4511836,558.3511836,446.6353454,310.3353454,181.0353454,863.53,543.7806357,98.65057519,567.1115625,170.7995158,44.88137386,809.0479697,362.3202005,76.04353979,480.4621068,246.6441377,0,556.0373639,134.7873639,0
11/17/21,1.589951954,1.589951954,1.589951954,1.589951954,1.589951954,2.25,2.25,2.248622552,0.102680969,0.102680969,0.102680969,5.443063304,5.443063304,5.443063304,5.036837522,0,0,11.208469,11.208469,11.208469,778.0411356,559.9411356,448.2252973,311.9252973,182.6252973,865.78,546.0292582,100.8991977,567.2142435,170.9021968,44.98405483,814.491033,367.7632638,81.48660309,485.4989444,246.6441377,0,567.2458329,145.9958329,11.208469
11/18/21,8.2,8.2,8.2,8.2,8.2,16.75,16.75,16.75,6.83987527,6.83987527,6.83987527,13,13,13,10.23236038,0.116612728,0.116612728,20.2,20.2,20.2,786.2411356,568.1411356,456.4252973,320.1252973,190.8252973,882.53,562.7792582,117.6491977,574.0541188,177.7420721,51.8239301,827.491033,380.7632638,94.48660309,495.7313047,246.7607505,0.116612728,587.4458329,166.1958329,31.408469
11/19/21,0.189494023,0.189494023,0.189494023,0.189494023,0.189494023,1.87,1.87,1.873977692,6.491754557,6.491754557,6.491754557,17,17,17,0,2.323233438,2.323233438,2.939670137,2.939670137,2.939670137,786.4306296,568.3306296,456.6147913,320.3147913,191.0147913,884.4,564.6532359,119.5231754,580.5458733,184.2338266,58.31568466,844.491033,397.7632638,111.4866031,495.7313047,249.0839839,2.439846166,590.385503,169.135503,34.34813913
11/20/21,0.020668233,0.020668233,0.020668233,0.020668233,0.020668233,1.10,1.10,1.100520204,0,0,0,1.406029516,1.406029516,1.406029516,0.005604168,4.046032325,4.046032325,2.803337987,2.803337987,2.803337987,786.4512978,568.3512978,456.6354596,320.3354596,191.0354596,885.5,565.7537561,120.6236956,580.5458733,184.2338266,58.31568466,845.8970625,399.1692933,112.8926326,495.7369089,253.1300162,6.485878491,593.188841,171.938841,37.15147712
11/21/21,3.171291792,3.171291792,3.171291792,3.171291792,3.171291792,3.98,3.98,3.984443056,0,0,0,2.700650252,2.700650252,2.700650252,0.889688154,4.135402398,4.135402398,7.284103069,7.284103069,7.284103069,789.6225896,571.5225896,459.8067514,323.5067514,194.2067514,889.48,569.7381992,124.6081387,580.5458733,184.2338266,58.31568466,848.5977128,401.8699435,115.5932829,496.6265971,257.2654186,10.62128089,600.4729441,179.2229441,44.43558019
11/22/21,1.830109757,1.830109757,1.830109757,1.830109757,1.830109757,3.37,3.37,3.367979546,2.008835339,2.008835339,2.008835339,4.248622552,4.248622552,4.248622552,0.386681689,3.14586659,3.14586659,7.233074001,7.233074001,7.233074001,791.4526994,573.3526994,461.6368611,325.3368611,196.0368611,892.85,573.1061787,127.9761182,582.5547086,186.2426619,60.32451999,852.8463353,406.1185661,119.8419054,497.0132788,260.4112852,13.76714748,607.7060181,186.4560181,51.66865419
11/23/21,0,0,0,0,0,0.00,0.00,0,0,0,0,4.128129363,4.128129363,4.128129363,0,4.836257595,4.836257595,0.535115034,0.535115034,0.535115034,791.4526994,573.3526994,461.6368611,325.3368611,196.0368611,892.85,573.1061787,127.9761182,582.5547086,186.2426619,60.32451999,856.9744647,410.2466955,123.9700348,497.0132788,265.2475428,18.60340507,608.2411331,186.9911331,52.20376923
11/24/21,0,0,0,0,0,1.09,1.09,1.086860263,0,0,0,0.530754736,0.530754736,0.530754736,0.384249835,3.541902803,3.541902803,1.565893675,1.565893675,1.565893675,791.4526994,573.3526994,461.6368611,325.3368611,196.0368611,893.94,574.193039,129.0629785,582.5547086,186.2426619,60.32451999,857.5052194,410.7774502,124.5007895,497.3975286,268.7894456,22.14530788,609.8070268,188.5570268,53.7696629
11/25/21,0,0,0,0,0,0.23,0.23,0.227111109,0.458539059,0.458539059,0.458539059,2.189187761,2.189187761,2.189187761,2.975645325,3.908371775,3.908371775,5.754315814,5.754315814,5.754315814,791.4526994,573.3526994,461.6368611,325.3368611,196.0368611,894.17,574.4201501,129.2900896,583.0132477,186.701201,60.78305905,859.6944072,412.966638,126.6899773,500.3731739,272.6978174,26.05367965,615.5613426,194.3113426,59.52397871
11/26/21,0,0,0,0,0,0.44,0.44,0.439997789,1.437429256,1.437429256,1.437429256,6.790505781,6.790505781,6.790505781,0.821284076,1.07787234,1.07787234,3.200703832,3.200703832,3.200703832,791.4526994,573.3526994,461.6368611,325.3368611,196.0368611,894.61,574.8601479,129.7300874,584.450677,188.1386303,62.22048831,866.4849129,419.7571437,133.4804831,501.194458,273.7756897,27.13155199,618.7620464,197.5120464,62.72468255
11/27/21,0,0,0,0,0,0.00,0.00,0,0,0,0,1.910828025,1.910828025,1.910828025,0,2.240528844,2.240528844,0.194136755,0.194136755,0.194136755,791.4526994,573.3526994,461.6368611,325.3368611,196.0368611,894.61,574.8601479,129.7300874,584.450677,188.1386303,62.22048831,868.395741,421.6679718,135.3913111,501.194458,276.0162186,29.37208083,618.9561832,197.7061832,62.9188193
11/28/21,0,0,0,0,0,0.00,0.00,0,0,0,0,0.370016939,0.370016939,0.370016939,0,0,0,6.32277972,6.32277972,6.32277972,791.4526994,573.3526994,461.6368611,325.3368611,196.0368611,894.61,574.8601479,129.7300874,584.450677,188.1386303,62.22048831,868.7657579,422.0379887,135.761328,501.194458,276.0162186,29.37208083,625.2789629,204.0289629,69.24159902
11/29/21,0,0,0,0,0,0.00,0.00,0,0,0,0,6.950304331,6.950304331,6.950304331,0,0.075318913,0.075318913,1.042429742,1.042429742,1.042429742,791.4526994,573.3526994,461.6368611,325.3368611,196.0368611,894.61,574.8601479,129.7300874,584.450677,188.1386303,62.22048831,875.7160622,428.988293,142.7116323,501.194458,276.0915375,29.44739975,626.3213926,205.0713926,70.28402876
11/30/21,0,0,0,0,0,0.00,0.00,0,0,0,0,1.121723739,1.121723739,1.121723739,0.27006309,4.51168819,4.51168819,2.436177513,2.436177513,2.436177513,791.4526994,573.3526994,461.6368611,325.3368611,196.0368611,894.61,574.8601479,129.7300874,584.450677,188.1386303,62.22048831,876.837786,430.1100168,143.8333561,501.4645211,280.6032257,33.95908794,628.7575701,207.5075701,72.72020628
12/1/21,0,0,0,0,0,1.20,1.20,1.195052734,0,0,0,3.259588685,3.259588685,3.259588685,0.611407272,0,0,5.122464563,5.122464563,5.122464563,791.4526994,573.3526994,461.6368611,325.3368611,196.0368611,895.81,576.0552006,130.9251401,584.450677,188.1386303,62.22048831,880.0973747,433.3696055,147.0929448,502.0759284,280.6032257,33.95908794,633.8800347,212.6300347,77.84267084
12/2/21,1.077955962,1.077955962,1.077955962,1.077955962,1.077955962,3.49,3.49,3.491757693,0.163534117,0.163534117,0.163534117,6.061361728,6.061361728,6.061361728,8.82732979,0.535928307,0.535928307,14.8,14.8,14.8,792.5306553,574.4306553,462.7148171,326.4148171,197.1148171,899.3,579.5469583,134.4168978,584.6142111,188.3021644,62.38402242,886.1587364,439.4309672,153.1543065,510.9032581,281.139154,34.49501625,648.6800347,227.4300347,92.64267084
12/3/21,0,0,0,0,0,0.32,0.32,0.319382166,3.123296153,3.123296153,3.123296153,11.63164674,11.63164674,11.63164674,0.207988214,0.432651092,0.432651092,6.685027183,6.685027183,6.685027183,792.5306553,574.4306553,462.7148171,326.4148171,197.1148171,899.62,579.8663405,134.73628,587.7375072,191.4254605,65.50731858,897.7903831,451.0626139,164.7859532,511.1112464,281.5718051,34.92766734,655.3650619,234.1150619,99.32769802
12/4/21,0,0,0,0,0,0.07,0.07,0.073643566,0,0,0,5.08304299,5.08304299,5.08304299,2.057375098,8,8,6.376649294,6.376649294,6.376649294,792.5306553,574.4306553,462.7148171,326.4148171,197.1148171,899.69,579.939984,134.8099236,587.7375072,191.4254605,65.50731858,902.8734261,456.1456569,169.8689962,513.1686215,289.5718051,42.92766734,661.7417112,240.4917112,105.7043473
12/5/21,0,0,0,0,0,1.16,1.16,1.158323294,0.798366485,0.798366485,0.798366485,6.947950152,6.947950152,6.947950152,0.83511108,3.15246488,3.15246488,5.138450467,5.138450467,5.138450467,792.5306553,574.4306553,462.7148171,326.4148171,197.1148171,900.85,581.0983073,135.9682469,588.5358737,192.223827,66.30568506,909.8213763,463.0936071,176.8169464,514.0037325,292.72427,46.08013222,666.8801616,245.6301616,110.8427978
12/6/21,2.680835301,2.680835301,2.680835301,2.680835301,2.680835301,5.96,5.96,5.959811278,2.134294629,2.134294629,2.134294629,4.128129363,4.128129363,4.128129363,3.87091401,0,0,17.1,17.1,17.1,795.2114906,577.1114906,465.3956524,329.0956524,199.7956524,906.81,587.0581186,141.9280581,590.6701683,194.3581216,68.43997969,913.9495056,467.2217364,180.9450757,517.8746465,292.72427,46.08013222,683.9801616,262.7301616,127.9427978
12/7/21,0,0,0,0,0,0.02,0.02,0.020786088,2.561249713,2.561249713,2.561249713,12.11904613,12.11904613,12.11904613,0,0,0,2.396775729,2.396775729,2.396775729,795.2114906,577.1114906,465.3956524,329.0956524,199.7956524,906.83,587.0789047,141.9488442,593.2314181,196.9193714,71.00122941,926.0685518,479.3407826,193.0641219,517.8746465,292.72427,46.08013222,686.3769374,265.1269374,130.3395735
12/8/21,0,0,0,0,0,0.00,0.00,0,0,0,0,0.124897677,0.124897677,0.124897677,0,0,0,0.039552745,0.039552745,0.039552745,795.2114906,577.1114906,465.3956524,329.0956524,199.7956524,906.83,587.0789047,141.9488442,593.2314181,196.9193714,71.00122941,926.1934495,479.4656802,193.1890196,517.8746465,292.72427,46.08013222,686.4164901,265.1664901,130.3791263
12/9/21,0,0,0,0,0,0.00,0.00,0,0,0,0,0.280440964,0.280440964,0.280440964,0,0,0,0.048802757,0.048802757,0.048802757,795.2114906,577.1114906,465.3956524,329.0956524,199.7956524,906.83,587.0789047,141.9488442,593.2314181,196.9193714,71.00122941,926.4738904,479.7461212,193.4694605,517.8746465,292.72427,46.08013222,686.4652929,265.2152929,130.427929
12/10/21,0,0,0,0,0,0.00,0.00,0,0,0,0,0.296505283,0.296505283,0.296505283,2.304883383,0,0,5.492010666,5.492010666,5.492010666,795.2114906,577.1114906,465.3956524,329.0956524,199.7956524,906.83,587.0789047,141.9488442,593.2314181,196.9193714,71.00122941,926.7703957,480.0426265,193.7659658,520.1795299,292.72427,46.08013222,691.9573035,270.7073035,135.9199397
12/11/21,5.574855387,5.574855387,5.574855387,5.574855387,5.574855387,6.84,6.84,6.844914555,1.826191168,1.826191168,1.826191168,8,8,8,6.844713078,0,0,19.1,19.1,19.1,800.786346,582.686346,470.9705078,334.6705078,205.3705078,913.67,593.9238192,148.7937588,595.0576092,198.7455625,72.82742057,934.7703957,488.0426265,201.7659658,527.024243,292.72427,46.08013222,711.0573035,289.8073035,155.0199397
12/12/21,1.51706024,1.51706024,1.51706024,1.51706024,1.51706024,1.87,1.87,1.871215449,6.641851806,6.641851806,6.641851806,14,14,14,0.429593765,0,0,4.250705862,4.250705862,4.250705862,802.3034063,584.2034063,472.487568,336.187568,206.887568,915.54,595.7950347,150.6649742,601.699461,205.3874143,79.46927238,948.7703957,502.0426265,215.7659658,527.4538368,292.72427,46.08013222,715.3080094,294.0580094,159.2706455
12/13/21,3.75,3.75,3.75,3.75,3.75,5.26,5.26,5.258730081,0.370016939,0.370016939,0.370016939,2.441716817,2.441716817,2.441716817,3.689533033,0,0,4.377337864,4.377337864,4.377337864,806.0534063,587.9534063,476.237568,339.937568,210.637568,920.8,601.0537648,155.9237043,602.069478,205.7574313,79.83928932,951.2121125,504.4843433,218.2076826,531.1433698,292.72427,46.08013222,719.6853473,298.4353473,163.6479834
12/14/21,0.68472421,0.68472421,0.68472421,0.68472421,0.68472421,3.90,3.90,3.902217285,2.694680849,2.694680849,2.694680849,4.777070064,4.777070064,4.777070064,2.282355512,0,0,5.573134801,5.573134801,5.573134801,806.7381305,588.6381305,476.9222922,340.6222922,211.3222922,924.7,604.9559821,159.8259216,604.7641588,208.4521121,82.53397017,955.9891826,509.2614134,222.9847527,533.4257253,292.72427,46.08013222,725.2584821,304.0084821,169.2211182
12/15/21,0.070233132,0.070233132,0.070233132,0.070233132,0.070233132,0.00,0.00,0,2.750864706,2.750864706,2.750864706,6.81269638,6.81269638,6.81269638,2.175806687,0,0,7.861541064,7.861541064,7.861541064,806.8083636,588.7083636,476.9925254,340.6925254,211.3925254,924.7,604.9559821,159.8259216,607.5150235,211.2029768,85.28483487,962.801879,516.0741097,229.7974491,535.601532,292.72427,46.08013222,733.1200231,311.8700231,177.0826593
12/16/21,8.6,8.6,8.6,8.6,8.6,9.58,9.58,9.576551559,4.527003854,4.527003854,4.527003854,9.5,9.5,9.5,13.25,0,0,15.65,15.65,15.65,815.4083636,597.3083636,485.5925254,349.2925254,219.9925254,934.28,614.5325336,169.4024731,612.0420274,215.7299807,89.81183873,972.301879,525.5741097,239.2974491,548.851532,292.72427,46.08013222,748.7700231,327.5200231,192.7326593
12/17/21,8.044494232,8.044494232,8.044494232,8.044494232,8.044494232,7.66,7.66,7.655212793,9.458539059,9.458539059,9.458539059,15.5,15.5,15.5,9.169766707,0,0,17.65,17.65,17.65,823.4528578,605.3528578,493.6370196,357.3370196,228.0370196,941.94,622.1877464,177.0576859,621.5005664,225.1885197,99.27037779,987.801879,541.0741097,254.7974491,558.0212987,292.72427,46.08013222,766.4200231,345.1700231,210.3826593
12/18/21,0,0,0,0,0,0.00,0.00,0,1.574958251,1.574958251,1.574958251,15.5,15.5,15.5,0.362887618,0.123546637,0.123546637,15.55,15.55,15.55,823.4528578,605.3528578,493.6370196,357.3370196,228.0370196,941.94,622.1877464,177.0576859,623.0755247,226.763478,100.845336,1003.301879,556.5741097,270.2974491,558.3841863,292.8478166,46.20367885,781.9700231,360.7200231,225.9326593
12/19/21,0,0,0,0,0,0.00,0.00,0,0.115838242,0.115838242,0.115838242,9.5,9.5,9.5,0.219325222,0.138422607,0.138422607,9.550291792,9.550291792,9.550291792,823.4528578,605.3528578,493.6370196,357.3370196,228.0370196,941.94,622.1877464,177.0576859,623.1913629,226.8793162,100.9611743,1012.801879,566.0741097,279.7974491,558.6035116,292.9862392,46.34210146,791.5203149,370.2703149,235.4829511
12/20/21,0,0,0,0,0,0.00,0.00,0,0,0,0,0.479157316,0.479157316,0.479157316,0,0,0,0.183871879,0.183871879,0.183871879,823.4528578,605.3528578,493.6370196,357.3370196,228.0370196,941.94,622.1877464,177.0576859,623.1913629,226.8793162,100.9611743,1013.281036,566.5532671,280.2766064,558.6035116,292.9862392,46.34210146,791.7041868,370.4541868,235.6668229
12/21/21,0,0,0,0,0,0.13,0.13,0.133024256,0,0,0,0.097714834,0.097714834,0.097714834,0,0,0,0.278979566,0.278979566,0.278979566,823.4528578,605.3528578,493.6370196,357.3370196,228.0370196,942.07,622.3207707,177.1907102,623.1913629,226.8793162,100.9611743,1013.378751,566.6509819,280.3743212,558.6035116,292.9862392,46.34210146,791.9831664,370.7331664,235.9458025
12/22/21,0,0,0,0,0,0.02,0.02,0.021225285,0,0,0,0.108609574,0.108609574,0.108609574,0,0,0,2.725348804,2.725348804,2.725348804,823.4528578,605.3528578,493.6370196,357.3370196,228.0370196,942.09,622.341996,177.2119355,623.1913629,226.8793162,100.9611743,1013.487361,566.7595915,280.4829308,558.6035116,292.9862392,46.34210146,794.7085152,373.4585152,238.6711513
12/23/21,0,0,0,0,0,0.00,0.00,0,0,0,0,1.991754557,1.991754557,1.991754557,0,0,0,0,0,0,823.4528578,605.3528578,493.6370196,357.3370196,228.0370196,942.09,622.341996,177.2119355,623.1913629,226.8793162,100.9611743,1015.479115,568.751346,282.4746853,558.6035116,292.9862392,46.34210146,794.7085152,373.4585152,238.6711513
12/24/21,0,0,0,0,0,0.00,0.00,0,0,0,0,0.115838242,0.115838242,0.115838242,1.184069323,0,0,5.57970207,5.57970207,5.57970207,823.4528578,605.3528578,493.6370196,357.3370196,228.0370196,942.09,622.341996,177.2119355,623.1913629,226.8793162,100.9611743,1015.594953,568.8671843,282.5905236,559.7875809,292.9862392,46.34210146,800.2882172,379.0382172,244.2508534
12/25/21,0,0,0,0,0,0.00,0.00,0,1.880855552,1.880855552,1.880855552,5.58338825,5.58338825,5.58338825,8.847893779,0.483771701,0.483771701,14.45,14.45,14.45,823.4528578,605.3528578,493.6370196,357.3370196,228.0370196,942.09,622.341996,177.2119355,625.0722185,228.7601718,102.8420298,1021.178342,574.4505725,288.1739118,568.6354747,293.4700109,46.82587316,814.7382172,393.4882172,258.7008534
12/26/21,0,0,0,0,0,0.03,0.03,0.025993231,0,0,0,16,16,16,1.967661735,3.401833476,3.401833476,8.216956543,8.216956543,8.216956543,823.4528578,605.3528578,493.6370196,357.3370196,228.0370196,942.12,622.3679892,177.2379287,625.0722185,228.7601718,102.8420298,1037.178342,590.4505725,304.1739118,570.6031364,296.8718444,50.22770664,822.9551738,401.7051738,266.9178099
12/27/21,0,0,0,0,0,0.00,0.00,0,0,0,0,7.122855052,7.122855052,7.122855052,0,3.292682478,3.292682478,0.421613552,0.421613552,0.421613552,823.4528578,605.3528578,493.6370196,357.3370196,228.0370196,942.12,622.3679892,177.2379287,625.0722185,228.7601718,102.8420298,1044.301197,597.5734276,311.2967669,570.6031364,300.1645269,53.52038912,823.3767873,402.1267873,267.3394235
12/28/21,0,0,0,0,0,0.71,0.71,0.712124069,0,0,0,0,0,0,0.255403026,2.657568897,2.657568897,7.653222078,7.653222078,7.653222078,823.4528578,605.3528578,493.6370196,357.3370196,228.0370196,942.83,623.0801133,177.9500528,625.0722185,228.7601718,102.8420298,1044.301197,597.5734276,311.2967669,570.8585394,302.8220958,56.17795801,831.0300094,409.7800094,274.9926456
12/29/21,0,0,0,0,0,0.00,0.00,0,0.305692706,0.305692706,0.305692706,7.605507167,7.605507167,7.605507167,2.60121039,4.626104331,4.626104331,11.65,11.65,11.65,823.4528578,605.3528578,493.6370196,357.3370196,228.0370196,942.83,623.0801133,177.9500528,625.3779112,229.0658645,103.1477225,1051.906704,605.1789347,318.9022741,573.4597498,307.4482001,60.80406234,842.6800094,421.4300094,286.6426456
12/30/21,0,0,0,0,0,0.99,0.99,0.993196027,1.376043121,1.376043121,1.376043121,10.5,10.5,10.5,4.35,5.25,5.25,10.45,10.45,10.45,823.4528578,605.3528578,493.6370196,357.3370196,228.0370196,943.82,624.0733093,178.9432488,626.7539543,230.4419076,104.5237657,1062.406704,615.6789347,329.4022741,577.8097498,312.6982001,66.05406234,853.1300094,431.8800094,297.0926456
12/31/21,0,0,0,0,0,1.95,1.95,1.951263269,4.604313682,4.604313682,4.604313682,10,10,10,5.345616144,10,10,10.4,10.4,10.4,823.4528578,605.3528578,493.6370196,357.3370196,228.0370196,945.77,626.0245725,180.8945121,631.358268,235.0462213,109.1280793,1072.406704,625.6789347,339.4022741,583.155366,322.6982001,76.05406234,863.5300094,442.2800094,307.4926456
1/1/22,0.08361898,0.08361898,0.08361898,0.08361898,0.08361898,4.05,4.05,4.05,5.281504497,5.281504497,5.281504497,15,15,15,9.95,15.65,15.65,21.25,21.25,21.25,823.5364768,605.4364768,493.7206386,357.4206386,228.1206386,949.82,630.0745725,184.9445121,636.6397725,240.3277258,114.4095838,1087.406704,640.6789347,354.4022741,593.105366,338.3482001,91.70406234,884.7800094,463.5300094,328.7426456
1/2/22,0,0,0,0,0,1.07,1.07,1.06867524,2.754856702,2.754856702,2.754856702,18,18,18,3.025477707,5.432531524,5.432531524,17.65,17.65,17.65,823.5364768,605.4364768,493.7206386,357.4206386,228.1206386,950.89,631.1432478,186.0131873,639.3946292,243.0825825,117.1644405,1105.406704,658.6789347,372.4022741,596.1308437,343.7807316,97.13659387,902.4300094,481.1800094,346.3926456
1/3/22,0,0,0,0,0,0.00,0.00,0,0,0,0,9.091468386,9.091468386,9.091468386,0,0,0,1.45694226,1.45694226,1.45694226,823.5364768,605.4364768,493.7206386,357.4206386,228.1206386,950.89,631.1432478,186.0131873,639.3946292,243.0825825,117.1644405,1114.498172,667.7704031,381.4937424,596.1308437,343.7807316,97.13659387,903.8869517,482.6369517,347.8495878
1/4/22,0,0,0,0,0,0.00,0.00,0,0,0,0,0,0,0,0,0,0,0,0,0,823.5364768,605.4364768,493.7206386,357.4206386,228.1206386,950.89,631.1432478,186.0131873,639.3946292,243.0825825,117.1644405,1114.498172,667.7704031,381.4937424,596.1308437,343.7807316,97.13659387,903.8869517,482.6369517,347.8495878
1/5/22,0,0,0,0,0,0.00,0.00,0,0,0,0,0,0,0,0.054419029,0,0,0.603965588,0.603965588,0.603965588,823.5364768,605.4364768,493.7206386,357.4206386,228.1206386,950.89,631.1432478,186.0131873,639.3946292,243.0825825,117.1644405,1114.498172,667.7704031,381.4937424,596.1852627,343.7807316,97.13659387,904.4909173,483.2409173,348.4535534
1/6/22,0,0,0,0,0,0.00,0.00,0,0,0,0,0,0,0,0,0,0,0.800867948,0.800867948,0.800867948,823.5364768,605.4364768,493.7206386,357.4206386,228.1206386,950.89,631.1432478,186.0131873,639.3946292,243.0825825,117.1644405,1114.498172,667.7704031,381.4937424,596.1852627,343.7807316,97.13659387,905.2917852,484.0417852,349.2544214
1/7/22,0,0,0,0,0,0.00,0.00,0,0,0,0,0.11203413,0.11203413,0.11203413,0,0,0,0,0,0,823.5364768,605.4364768,493.7206386,357.4206386,228.1206386,950.89,631.1432478,186.0131873,639.3946292,243.0825825,117.1644405,1114.610206,667.8824373,381.6057766,596.1852627,343.7807316,97.13659387,905.2917852,484.0417852,349.2544214
1/8/22,0,0,0,0,0,0.00,0.00,0,0,0,0,0,0,0,0,0,0,0,0,0,823.5364768,605.4364768,493.7206386,357.4206386,228.1206386,950.89,631.1432478,186.0131873,639.3946292,243.0825825,117.1644405,1114.610206,667.8824373,381.6057766,596.1852627,343.7807316,97.13659387,905.2917852,484.0417852,349.2544214
1/9/22,0,0,0,0,0,0.00,0.00,0,0,0,0,0,0,0,0,0.377094844,0.377094844,1.406876244,1.406876244,1.406876244,823.5364768,605.4364768,493.7206386,357.4206386,228.1206386,950.89,631.1432478,186.0131873,639.3946292,243.0825825,117.1644405,1114.610206,667.8824373,381.6057766,596.1852627,344.1578264,97.51368871,906.6986615,485.4486615,350.6612976
1/10/22,0,0,0,0,0,0.00,0.00,0,0,0,0,1.627811211,1.627811211,1.627811211,0,0.2598388,0.2598388,1.069962725,1.069962725,1.069962725,823.5364768,605.4364768,493.7206386,357.4206386,228.1206386,950.89,631.1432478,186.0131873,639.3946292,243.0825825,117.1644405,1116.238018,669.5102485,383.2335878,596.1852627,344.4176652,97.77352751,907.7686242,486.5186242,351.7312603
1/11/22,0,0,0,0,0,0.00,0.00,0,0,0,0,0,0,0,0,0,0,0,0,0,823.5364768,605.4364768,493.7206386,357.4206386,228.1206386,950.89,631.1432478,186.0131873,639.3946292,243.0825825,117.1644405,1116.238018,669.5102485,383.2335878,596.1852627,344.4176652,97.77352751,907.7686242,486.5186242,351.7312603
1/12/22,0,0,0,0,0,0.00,0.00,0,0,0,0,0,0,0,0.441294816,0,0,0.563230045,0.563230045,0.563230045,823.5364768,605.4364768,493.7206386,357.4206386,228.1206386,950.89,631.1432478,186.0131873,639.3946292,243.0825825,117.1644405,1116.238018,669.5102485,383.2335878,596.6265575,344.4176652,97.77352751,908.3318542,487.0818542,352.2944904
1/13/22,0,0,0,0,0,0.05,0.05,0.052288344,0,0,0,0.82116867,0.82116867,0.82116867,1.114068978,2.163501625,2.163501625,2.398504624,2.398504624,2.398504624,823.5364768,605.4364768,493.7206386,357.4206386,228.1206386,950.94,631.1955361,186.0654757,639.3946292,243.0825825,117.1644405,1117.059186,670.3314171,384.0547565,597.7406265,346.5811669,99.93702914,910.7303589,489.4803589,354.692995
1/14/22,0,0,0,0,0,0.00,0.00,0,0,0,0,2.561249713,2.561249713,2.561249713,0,2.043615616,2.043615616,2.775598527,2.775598527,2.775598527,823.5364768,605.4364768,493.7206386,357.4206386,228.1206386,950.94,631.1955361,186.0654757,639.3946292,243.0825825,117.1644405,1119.620436,672.8926668,386.6160062,597.7406265,348.6247825,101.9806448,913.5059574,492.2559574,357.4685935
1/15/22,0,0,0,0,0,0.00,0.00,0,0,0,0,1.25628129,1.25628129,1.25628129,0,3.265837982,3.265837982,0,0,0,823.5364768,605.4364768,493.7206386,357.4206386,228.1206386,950.94,631.1955361,186.0654757,639.3946292,243.0825825,117.1644405,1120.876717,674.1489481,387.8722875,597.7406265,351.8906205,105.2464827,913.5059574,492.2559574,357.4685935
1/16/22,0,0,0,0,0,0.00,0.00,0,0,0,0,0,0,0,0,0,0,3.463551097,3.463551097,3.463551097,823.5364768,605.4364768,493.7206386,357.4206386,228.1206386,950.94,631.1955361,186.0654757,639.3946292,243.0825825,117.1644405,1120.876717,674.1489481,387.8722875,597.7406265,351.8906205,105.2464827,916.9695085,495.7195085,360.9321446
1/17/22,0,0,0,0,0,0.13,0.13,0.126313999,0,0,0,0.086644104,0.086644104,0.086644104,0,0.227030449,0.227030449,4.456184714,4.456184714,4.456184714,823.5364768,605.4364768,493.7206386,357.4206386,228.1206386,951.07,631.3218501,186.1917897,639.3946292,243.0825825,117.1644405,1120.963361,674.2355922,387.9589316,597.7406265,352.1176509,105.4735132,921.4256932,500.1756932,365.3883293
1/18/22,0,0,0,0,0,0.00,0.00,0,0,0,0,0,0,0,0,0,0,0,0,0,823.5364768,605.4364768,493.7206386,357.4206386,228.1206386,951.07,631.3218501,186.1917897,639.3946292,243.0825825,117.1644405,1120.963361,674.2355922,387.9589316,597.7406265,352.1176509,105.4735132,921.4256932,500.1756932,365.3883293
1/19/22,0,0,0,0,0,0.15,0.15,0.148201157,0,0,0,0,0,0,1.031312707,0,0,3.526050695,3.526050695,3.526050695,823.5364768,605.4364768,493.7206386,357.4206386,228.1206386,951.22,631.4700513,186.3399908,639.3946292,243.0825825,117.1644405,1120.963361,674.2355922,387.9589316,598.7719392,352.1176509,105.4735132,924.9517439,503.7017439,368.91438
1/20/22,0,0,0,0,0,0.00,0.00,0,0,0,0,4.380855552,4.380855552,4.380855552,0,0,0,2.624996764,2.624996764,2.624996764,823.5364768,605.4364768,493.7206386,357.4206386,228.1206386,951.22,631.4700513,186.3399908,639.3946292,243.0825825,117.1644405,1125.344217,678.6164478,392.3397871,598.7719392,352.1176509,105.4735132,927.5767407,506.3267407,371.5393768
1/21/22,0,0,0,0,0,0.00,0.00,0,0,0,0,0,0,0,0,0,0,0,0,0,823.5364768,605.4364768,493.7206386,357.4206386,228.1206386,951.22,631.4700513,186.3399908,639.3946292,243.0825825,117.1644405,1125.344217,678.6164478,392.3397871,598.7719392,352.1176509,105.4735132,927.5767407,506.3267407,371.5393768
1/22/22,0,0,0,0,0,0.00,0.00,0,0,0,0,0,0,0,0,0,0,0,0,0,823.5364768,605.4364768,493.7206386,357.4206386,228.1206386,951.22,631.4700513,186.3399908,639.3946292,243.0825825,117.1644405,1125.344217,678.6164478,392.3397871,598.7719392,352.1176509,105.4735132,927.5767407,506.3267407,371.5393768
1/23/22,0,0,0,0,0,0.00,0.00,0,0,0,0,0,0,0,0,0,0,0,0,0,823.5364768,605.4364768,493.7206386,357.4206386,228.1206386,951.22,631.4700513,186.3399908,639.3946292,243.0825825,117.1644405,1125.344217,678.6164478,392.3397871,598.7719392,352.1176509,105.4735132,927.5767407,506.3267407,371.5393768
1/24/22,0,0,0,0,0,0.00,0.00,0,0,0,0,0,0,0,0,0,0,0.029774778,0.029774778,0.029774778,823.5364768,605.4364768,493.7206386,357.4206386,228.1206386,951.22,631.4700513,186.3399908,639.3946292,243.0825825,117.1644405,1125.344217,678.6164478,392.3397871,598.7719392,352.1176509,105.4735132,927.6065154,506.3565154,371.5691516
1/25/22,0,0,0,0,0,0.00,0.00,0,0,0,0,0.120094744,0.120094744,0.120094744,0,2.00213607,2.00213607,0.773026393,0.773026393,0.773026393,823.5364768,605.4364768,493.7206386,357.4206386,228.1206386,951.22,631.4700513,186.3399908,639.3946292,243.0825825,117.1644405,1125.464312,678.7365425,392.4598819,598.7719392,354.119787,107.4756493,928.3795418,507.1295418,372.342178
1/26/22,0,0,0,0,0,0.00,0.00,0,0,0,0,1.500591545,1.500591545,1.500591545,0,0.507933991,0.507933991,0,0,0,823.5364768,605.4364768,493.7206386,357.4206386,228.1206386,951.22,631.4700513,186.3399908,639.3946292,243.0825825,117.1644405,1126.964903,680.2371341,393.9604734,598.7719392,354.627721,107.9835832,928.3795418,507.1295418,372.342178
1/27/22,0,0,0,0,0,0.00,0.00,0,0,0,0,0,0,0,0,2.37946037,2.37946037,0,0,0,823.5364768,605.4364768,493.7206386,357.4206386,228.1206386,951.22,631.4700513,186.3399908,639.3946292,243.0825825,117.1644405,1126.964903,680.2371341,393.9604734,598.7719392,357.0071814,110.3630436,928.3795418,507.1295418,372.342178
1/28/22,0,0,0,0,0,0.00,0.00,0,0,0,0,0,0,0,0,0,0,0.020553539,0.020553539,0.020553539,823.5364768,605.4364768,493.7206386,357.4206386,228.1206386,951.22,631.4700513,186.3399908,639.3946292,243.0825825,117.1644405,1126.964903,680.2371341,393.9604734,598.7719392,357.0071814,110.3630436,928.4000954,507.1500954,372.3627315
1/29/22,0,0,0,0,0,0.00,0.00,0,0,0,0,0,0,0,0,0,0,0,0,0,823.5364768,605.4364768,493.7206386,357.4206386,228.1206386,951.22,631.4700513,186.3399908,639.3946292,243.0825825,117.1644405,1126.964903,680.2371341,393.9604734,598.7719392,357.0071814,110.3630436,928.4000954,507.1500954,372.3627315
1/30/22,0,0,0,0,0,0.00,0.00,0,0,0,0,0,0,0,0,0,0,0,0,0,823.5364768,605.4364768,493.7206386,357.4206386,228.1206386,951.22,631.4700513,186.3399908,639.3946292,243.0825825,117.1644405,1126.964903,680.2371341,393.9604734,598.7719392,357.0071814,110.3630436,928.4000954,507.1500954,372.3627315
1/31/22,0,0,0,0,0,0.00,0.00,0,0,0,0,0,0,0,0,0,0,0,0,0,823.5364768,605.4364768,493.7206386,357.4206386,228.1206386,951.22,631.4700513,186.3399908,639.3946292,243.0825825,117.1644405,1126.964903,680.2371341,393.9604734,598.7719392,357.0071814,110.3630436,928.4000954,507.1500954,372.3627315
2/1/22,0,0,0,0,0,0.00,0.00,0,0,0,0,0,0,0,0,0,0,0.121631429,0.121631429,0.121631429,823.5364768,605.4364768,493.7206386,357.4206386,228.1206386,951.22,631.4700513,186.3399908,639.3946292,243.0825825,117.1644405,1126.964903,680.2371341,393.9604734,598.7719392,357.0071814,110.3630436,928.5217268,507.2717268,372.4843629
2/2/22,0.220018642,0.220018642,0.220018642,0.220018642,0.220018642,0.01,0.01,0.005372421,0,0,0,0.097714834,0.097714834,0.097714834,0.056288038,1.871995943,1.871995943,3.160153499,3.160153499,3.160153499,823.7564955,605.6564955,493.9406572,357.6406572,228.3406572,951.23,631.4754237,186.3453632,639.3946292,243.0825825,117.1644405,1127.062618,680.3348489,394.0581882,598.8282272,358.8791773,112.2350396,931.6818803,510.4318803,375.6445164
2/3/22,0,0,0,0,0,0.41,0.41,0.407589704,0,0,0,2.499307264,2.499307264,2.499307264,0,1.42830957,1.42830957,7.742487669,7.742487669,7.742487669,823.7564955,605.6564955,493.9406572,357.6406572,228.3406572,951.64,631.8830134,186.7529529,639.3946292,243.0825825,117.1644405,1129.561925,682.8341562,396.5574955,598.8282272,360.3074869,113.6633491,939.424368,518.174368,383.3870041
2/4/22,0,0,0,0,0,0.00,0.00,0,0,0,0,11,11,11,0,0.435748992,0.435748992,10.06526501,10.06526501,10.06526501,823.7564955,605.6564955,493.9406572,357.6406572,228.3406572,951.64,631.8830134,186.7529529,639.3946292,243.0825825,117.1644405,1140.561925,693.8341562,407.5574955,598.8282272,360.7432359,114.0990981,949.489633,528.239633,393.4522691
2/5/22,0,0,0,0,0,0.00,0.00,0,0,0,0,5.189220311,5.189220311,5.189220311,0,2.255368527,2.255368527,0,0,0,823.7564955,605.6564955,493.9406572,357.6406572,228.3406572,951.64,631.8830134,186.7529529,639.3946292,243.0825825,117.1644405,1145.751146,699.0233765,412.7467158,598.8282272,362.9986044,116.3544666,949.489633,528.239633,393.4522691
2/6/22,0,0,0,0,0,0.00,0.00,0,0,0,0,0,0,0,0,6.949918066,6.949918066,0,0,0,823.7564955,605.6564955,493.9406572,357.6406572,228.3406572,951.64,631.8830134,186.7529529,639.3946292,243.0825825,117.1644405,1145.751146,699.0233765,412.7467158,598.8282272,369.9485225,123.3043847,949.489633,528.239633,393.4522691
2/7/22,0,0,0,0,0,0.00,0.00,0,0,0,0,0,0,0,0,10.02832954,10.02832954,0.197706758,0.197706758,0.197706758,823.7564955,605.6564955,493.9406572,357.6406572,228.3406572,951.64,631.8830134,186.7529529,639.3946292,243.0825825,117.1644405,1145.751146,699.0233765,412.7467158,598.8282272,379.976852,133.3327143,949.6873397,528.4373397,393.6499759
2/8/22,0,0,0,0,0,0.63,0.63,0.629416434,0,0,0,0.563903077,0.563903077,0.563903077,0,0.411230705,0.411230705,1.551148445,1.551148445,1.551148445,823.7564955,605.6564955,493.9406572,357.6406572,228.3406572,952.27,632.5124298,187.3823694,639.3946292,243.0825825,117.1644405,1146.315049,699.5872796,413.3106189,598.8282272,380.3880827,133.743945,951.2384882,529.9884882,395.2011243
2/9/22,0,0,0,0,0,0.29,0.29,0.294095383,0,0,0,1.038577238,1.038577238,1.038577238,2.56452003,0.724921645,0.724921645,4.688874273,4.688874273,4.688874273,823.7564955,605.6564955,493.9406572,357.6406572,228.3406572,952.56,632.8065252,187.6764648,639.3946292,243.0825825,117.1644405,1147.353626,700.6258568,414.3491961,601.3927473,381.1130043,134.4688666,955.9273624,534.6773624,399.8899986
2/10/22,0.289528168,0.289528168,0.289528168,0.289528168,0.289528168,2.32,2.32,2.320051974,1.005866818,1.005866818,1.005866818,4.87058011,4.87058011,4.87058011,0.130370958,3.573285809,3.573285809,7.998827423,7.998827423,7.998827423,824.0460236,605.9460236,494.2301854,357.9301854,228.6301854,954.88,635.1265772,189.9965167,640.400496,244.0884493,118.1703074,1152.224206,705.4964369,419.2197762,601.5231182,384.6862902,138.0421524,963.9261899,542.6761899,407.888826
2/11/22,1.43161071,1.43161071,1.43161071,1.43161071,1.43161071,4.24,4.24,4.240305617,0,0,0,6.685376689,6.685376689,6.685376689,4.932928264,4.398409745,4.398409745,9.529267719,9.529267719,9.529267719,825.4776343,607.3776343,495.6617961,359.3617961,230.0617961,959.12,639.3668828,194.2368223,640.400496,244.0884493,118.1703074,1158.909583,712.1818136,425.9051529,606.4560465,389.0846999,142.4405622,973.4554576,552.2054576,417.4180937
2/12/22,0.622661094,0.622661094,0.622661094,0.622661094,0.622661094,5.65,5.65,5.648649825,3.017670678,3.017670678,3.017670678,10.13286674,10.13286674,10.13286674,1.049222582,18.9,18.9,13.05,13.05,13.05,826.1002954,608.0002954,496.2844572,359.9844572,230.6844572,964.77,645.0155326,199.8854722,643.4181667,247.10612,121.187978,1169.04245,722.3146803,436.0380197,607.5052691,407.9846999,161.3405622,986.5054576,565.2554576,430.4680937
2/13/22,0,0,0,0,0,0.00,0.00,0,0,0,0,7.122855052,7.122855052,7.122855052,0,13.1,13.1,1.081534142,1.081534142,1.081534142,826.1002954,608.0002954,496.2844572,359.9844572,230.6844572,964.77,645.0155326,199.8854722,643.4181667,247.10612,121.187978,1176.165305,729.4375354,443.1608747,607.5052691,421.0846999,174.4405622,987.5869917,566.3369917,431.5496279
2/14/22,0,0,0,0,0,0.00,0.00,0,0,0,0,0,0,0,0,4.742046674,4.742046674,0,0,0,826.1002954,608.0002954,496.2844572,359.9844572,230.6844572,964.77,645.0155326,199.8854722,643.4181667,247.10612,121.187978,1176.165305,729.4375354,443.1608747,607.5052691,425.8267466,179.1826088,987.5869917,566.3369917,431.5496279
2/15/22,0,0,0,0,0,0.00,0.00,0,0,0,0,0,0,0,0,0.056134004,0.056134004,0,0,0,826.1002954,608.0002954,496.2844572,359.9844572,230.6844572,964.77,645.0155326,199.8854722,643.4181667,247.10612,121.187978,1176.165305,729.4375354,443.1608747,607.5052691,425.8828806,179.2387428,987.5869917,566.3369917,431.5496279
2/16/22,0.006962243,0.006962243,0.006962243,0.006962243,0.006962243,0.11,0.11,0.107799223,0,0,0,0,0,0,1.274421826,3.227973544,3.227973544,4.964743265,4.964743265,4.964743265,826.1072577,608.0072577,496.2914194,359.9914194,230.6914194,964.88,645.1233319,199.9932714,643.4181667,247.10612,121.187978,1176.165305,729.4375354,443.1608747,608.7796909,429.1108541,182.4667164,992.551735,571.301735,436.5143711
2/17/22,1.499316396,1.499316396,1.499316396,1.499316396,1.499316396,9.89,9.89,9.894280268,1.443063304,1.443063304,1.443063304,4.458598726,4.458598726,4.458598726,10.3,5.09668386,5.09668386,20.45,20.45,20.45,827.6065741,609.5065741,497.7907358,361.4907358,232.1907358,974.77,655.0176121,209.8875517,644.86123,248.5491833,122.6310413,1180.623903,733.8961341,447.6194734,619.0796909,434.207538,187.5634002,1013.001735,591.751735,456.9643711
2/18/22,0,0,0,0,0,6.09,6.09,6.087605541,4.209438678,4.209438678,4.209438678,18,18,18,5.280057948,3.219664369,3.219664369,10.66012845,10.66012845,10.66012845,827.6065741,609.5065741,497.7907358,361.4907358,232.1907358,980.86,661.1052177,215.9751572,649.0706687,252.758622,126.84048,1198.623903,751.8961341,465.6194734,624.3597488,437.4272023,190.7830646,1023.661863,602.4118634,467.6244996
2/19/22,0,0,0,0,0,0.00,0.00,0,0,0,0,1.874706021,1.874706021,1.874706021,0,0,0,2.447794942,2.447794942,2.447794942,827.6065741,609.5065741,497.7907358,361.4907358,232.1907358,980.86,661.1052177,215.9751572,649.0706687,252.758622,126.84048,1200.498609,753.7708401,467.4941795,624.3597488,437.4272023,190.7830646,1026.109658,604.8596584,470.0722945
2/20/22,0,0,0,0,0,0.00,0.00,0,0,0,0,1.42529118,1.42529118,1.42529118,0,12.62928568,12.62928568,0.372490875,0.372490875,0.372490875,827.6065741,609.5065741,497.7907358,361.4907358,232.1907358,980.86,661.1052177,215.9751572,649.0706687,252.758622,126.84048,1201.923901,755.1961313,468.9194706,624.3597488,450.056488,203.4123503,1026.482149,605.2321493,470.4447854
2/21/22,0,0,0,0,0,3.61,3.61,3.612558849,0,0,0,0.266818061,0.266818061,0.266818061,7.323066126,4.110463428,4.110463428,8.206269032,8.206269032,8.206269032,827.6065741,609.5065741,497.7907358,361.4907358,232.1907358,984.47,664.7177765,219.5877161,649.0706687,252.758622,126.84048,1202.190719,755.4629494,469.1862887,631.682815,454.1669515,207.5228137,1034.688418,613.4384183,478.6510544
2/22/22,0.832604346,0.832604346,0.832604346,0.832604346,0.832604346,4.06,4.06,4.062865232,4.443619584,4.443619584,4.443619584,9.671688099,9.671688099,9.671688099,13.25,0,0,16.05,16.05,16.05,828.4391784,610.3391784,498.6233402,362.3233402,233.0233402,988.53,668.7806418,223.6505813,653.5142883,257.2022416,131.2840996,1211.862407,765.1346375,478.8579768,644.932815,454.1669515,207.5228137,1050.738418,629.4884183,494.7010544
2/23/22,0.98923429,0.98923429,0.98923429,0.98923429,0.98923429,9.65,9.65,9.651535624,6.796505283,6.796505283,6.796505283,13.5,13.5,13.5,7.53421866,2.378697562,2.378697562,15.95,15.95,15.95,829.4284127,611.3284127,499.6125745,363.3125745,234.0125745,998.18,678.4321774,233.3021169,660.3107935,263.9987468,138.0806049,1225.362407,778.6346375,492.3579768,652.4670336,456.545649,209.9015113,1066.688418,645.4384183,510.6510544
2/24/22,0,0,0,0,0,0.00,0.00,0,2.925456496,2.925456496,2.925456496,15.06840367,15.06840367,15.06840367,0,0.308309439,0.308309439,0.955691539,0.955691539,0.955691539,829.4284127,611.3284127,499.6125745,363.3125745,234.0125745,998.18,678.4321774,233.3021169,663.23625,266.9242033,141.0060614,1240.43081,793.7030412,507.4263805,652.4670336,456.8539585,210.2098207,1067.64411,646.3941098,511.606746
2/25/22,0,0,0,0,0,0.00,0.00,0,0,0,0,0,0,0,0,0.710246703,0.710246703,4.258158303,4.258158303,4.258158303,829.4284127,611.3284127,499.6125745,363.3125745,234.0125745,998.18,678.4321774,233.3021169,663.23625,266.9242033,141.0060614,1240.43081,793.7030412,507.4263805,652.4670336,457.5642052,210.9200674,1071.902268,650.6522681,515.8649043
2/26/22,0,0,0,0,0,0.00,0.00,0,0,0,0,6.036005139,6.036005139,6.036005139,0,4.581961963,4.581961963,0,0,0,829.4284127,611.3284127,499.6125745,363.3125745,234.0125745,998.18,678.4321774,233.3021169,663.23625,266.9242033,141.0060614,1246.466816,799.7390463,513.4623856,652.4670336,462.1461671,215.5020294,1071.902268,650.6522681,515.8649043
2/27/22,0,0,0,0,0,0.04,0.04,0.041876076,0,0,0,0.124897677,0.124897677,0.124897677,0.250690559,5.752621884,5.752621884,3.681205628,3.681205628,3.681205628,829.4284127,611.3284127,499.6125745,363.3125745,234.0125745,998.22,678.4740535,233.343993,663.23625,266.9242033,141.0060614,1246.591713,799.863944,513.5872833,652.7177242,467.898789,221.2546513,1075.583474,654.3334738,519.5461099
2/28/22,0,0,0,0,0,0.00,0.00,0,0,0,0,4.561249713,4.561249713,4.561249713,0,0,0,0.934852951,0.934852951,0.934852951,829.4284127,611.3284127,499.6125745,363.3125745,234.0125745,998.22,678.4740535,233.343993,663.23625,266.9242033,141.0060614,1251.152963,804.4251937,518.148533,652.7177242,467.898789,221.2546513,1076.518327,655.2683267,520.4809628
3/1/22,0,0,0,0,0,0.00,0.00,0,0,0,0,2.134294629,2.134294629,2.134294629,3.590817495,0.025993231,0.025993231,5.925635512,5.925635512,5.925635512,829.4284127,611.3284127,499.6125745,363.3125745,234.0125745,998.22,678.4740535,233.343993,663.23625,266.9242033,141.0060614,1253.287258,806.5594883,520.2828276,656.3085417,467.9247822,221.2806445,1082.443962,661.1939622,526.4065984
3/2/22,0,0,0,0,0,0.32,0.32,0.324903994,0.327068233,0.327068233,0.327068233,4.874858511,4.874858511,4.874858511,2.396840352,2.75476006,2.75476006,7.319714834,7.319714834,7.319714834,829.4284127,611.3284127,499.6125745,363.3125745,234.0125745,998.54,678.7989574,233.668897,663.5633183,267.2512716,141.3331296,1258.162116,811.4343468,525.1576861,658.705382,470.6795423,224.0354046,1089.763677,668.5136771,533.7263132
3/3/22,0,0,0,0,0,0.00,0.00,0,0,0,0,9.679290166,9.679290166,9.679290166,0.950323051,1.315092913,1.315092913,5.709161865,5.709161865,5.709161865,829.4284127,611.3284127,499.6125745,363.3125745,234.0125745,998.54,678.7989574,233.668897,663.5633183,267.2512716,141.3331296,1267.841406,821.113637,534.8369763,659.6557051,471.9946352,225.3504975,1095.472839,674.2228389,539.4354751
3/4/22,0,0,0,0,0,0.00,0.00,0,0,0,0,3.436642022,3.436642022,3.436642022,0,0.103855242,0.103855242,0.56918615,0.56918615,0.56918615,829.4284127,611.3284127,499.6125745,363.3125745,234.0125745,998.54,678.7989574,233.668897,663.5633183,267.2512716,141.3331296,1271.278048,824.550279,538.2736183,659.6557051,472.0984904,225.4543527,1096.042025,674.7920251,540.0046612
3/5/22,0,0,0,0,0,0.00,0.00,0,0,0,0,1.189914227,1.189914227,1.189914227,2.848599835,1.690855511,1.690855511,5.479089222,5.479089222,5.479089222,829.4284127,611.3284127,499.6125745,363.3125745,234.0125745,998.54,678.7989574,233.668897,663.5633183,267.2512716,141.3331296,1272.467962,825.7401932,539.4635326,662.5043049,473.789346,227.1452082,1101.521114,680.2711143,545.4837504
3/6/22,8.770019326,8.770019326,8.770019326,8.770019326,8.770019326,9.75,9.75,9.749274883,2.091468386,2.091468386,2.091468386,9.193036237,9.193036237,9.193036237,17.5,2.119018726,2.119018726,22.1,22.1,22.1,838.198432,620.098432,508.3825938,372.0825938,242.7825938,1008.29,688.5482323,243.4181719,665.6547867,269.34274,143.424598,1281.660999,834.9332295,548.6565688,680.0043049,475.9083647,229.2642269,1123.621114,702.3711143,567.5837504
3/7/22,1.077060306,1.077060306,1.077060306,1.077060306,1.077060306,7.13,7.13,7.132475554,12.38442194,12.38442194,12.38442194,26,26,26,9.247216743,0,0,28.95,28.95,28.95,839.2754923,621.1754923,509.4596541,373.1596541,243.8596541,1015.42,695.6807079,250.5506474,678.0392086,281.7271619,155.8090199,1307.660999,860.9332295,574.6565688,689.2515217,475.9083647,229.2642269,1152.571114,731.3211143,596.5337504
3/8/22,0,0,0,0,0,0.29,0.29,0.285711532,6.685376689,6.685376689,6.685376689,19.5,19.5,19.5,0,0,0,9.032000176,9.032000176,9.032000176,839.2754923,621.1754923,509.4596541,373.1596541,243.8596541,1015.71,695.9664194,250.8363589,684.7245853,288.4125386,162.4943966,1327.160999,880.4332295,594.1565688,689.2515217,475.9083647,229.2642269,1161.603114,740.3531145,605.5657506
3/9/22,0,0,0,0,0,0.00,0.00,0,0,0,0,5.124897677,5.124897677,5.124897677,0,0,0,2.081229041,2.081229041,2.081229041,839.2754923,621.1754923,509.4596541,373.1596541,243.8596541,1015.71,695.9664194,250.8363589,684.7245853,288.4125386,162.4943966,1332.285896,885.5581272,599.2814665,689.2515217,475.9083647,229.2642269,1163.684344,742.4343435,607.6469796
3/10/22,0,0,0,0,0,2.51,2.51,2.512064419,0,0,0,0.35383649,0.35383649,0.35383649,2.885859002,0,0,2.844712871,2.844712871,2.844712871,839.2754923,621.1754923,509.4596541,373.1596541,243.8596541,1018.22,698.4784838,253.3484234,684.7245853,288.4125386,162.4943966,1332.639733,885.9119636,599.635303,692.1373807,475.9083647,229.2642269,1166.529056,745.2790564,610.4916925
3/11/22,0.054775381,0.054775381,0.054775381,0.054775381,0.054775381,3.90,3.90,3.898964332,2.290505781,2.290505781,2.290505781,3.597741087,3.597741087,3.597741087,5.330413355,0,0,6.892827119,6.892827119,6.892827119,839.3302677,621.2302677,509.5144295,373.2144295,243.9144295,1022.12,702.3774482,257.2473877,687.0150911,290.7030444,164.7849024,1336.237474,889.5097047,603.233044,697.467794,475.9083647,229.2642269,1173.421884,752.1718835,617.3845196
3/12/22,0,0,0,0,0,0.01,0.01,0.005452721,2.874858511,2.874858511,2.874858511,9.679290166,9.679290166,9.679290166,1.394437441,0.529815249,0.529815249,3.812598986,3.812598986,3.812598986,839.3302677,621.2302677,509.5144295,373.2144295,243.9144295,1022.13,702.3829009,257.2528404,689.8899496,293.5779029,167.6597609,1345.916764,899.1889949,612.9123342,698.8622315,476.4381799,229.7940422,1177.234482,755.9844825,621.1971186
3/13/22,0,0,0,0,0,0.00,0.00,0,0,0,0,0,0,0,0,6.5882216,6.5882216,0,0,0,839.3302677,621.2302677,509.5144295,373.2144295,243.9144295,1022.13,702.3829009,257.2528404,689.8899496,293.5779029,167.6597609,1345.916764,899.1889949,612.9123342,698.8622315,483.0264015,236.3822638,1177.234482,755.9844825,621.1971186
3/14/22,0.69608766,0.69608766,0.69608766,0.69608766,0.69608766,3.36,3.36,3.358884927,0,0,0,0.273363613,0.273363613,0.273363613,5.582663936,5.45164385,5.45164385,6.635270988,6.635270988,6.635270988,840.0263554,621.9263554,510.2105171,373.9105171,244.6105171,1025.49,705.7417858,260.6117253,689.8899496,293.5779029,167.6597609,1346.190128,899.4623585,613.1856978,704.4448954,488.4780454,241.8339076,1183.869753,762.6197535,627.8323896
3/15/22,0,0,0,0,0,8.19,8.19,8.189906877,2.700650252,2.700650252,2.700650252,7.874706021,7.874706021,7.874706021,8.495195649,0,0,12.60486999,12.60486999,12.60486999,840.0263554,621.9263554,510.2105171,373.9105171,244.6105171,1033.68,713.9316927,268.8016322,692.5905998,296.2785531,170.3604112,1354.064834,907.3370645,621.0604038,712.940091,488.4780454,241.8339076,1196.474623,775.2246235,640.4372596
3/16/22,1.73750343,1.73750343,1.73750343,1.73750343,1.73750343,8.54,8.54,8.542389596,4.561249713,4.561249713,4.561249713,14.08444317,14.08444317,14.08444317,11.68487555,0,0,13.72373225,13.72373225,13.72373225,841.7638588,623.6638588,511.9480206,375.6480206,246.3480206,1042.22,722.4740823,277.3440218,697.1518495,300.8398028,174.9216609,1368.149277,921.4215077,635.144847,724.6249666,488.4780454,241.8339076,1210.198356,788.9483557,654.1609918
3/17/22,10.10703291,10.10703291,10.10703291,10.10703291,10.10703291,4.73,4.73,4.729215414,10.44044206,10.44044206,10.44044206,18,18,18,16,2.184144319,2.184144319,13.8,13.8,13.8,851.8708917,633.7708917,522.0550535,385.7550535,256.4550535,1046.95,727.2032977,282.0732372,707.5922916,311.2802449,185.3621029,1386.149277,939.4215077,653.144847,740.6249666,490.6621897,244.018052,1223.998356,802.7483557,667.9609918
3/18/22,4.688088054,4.688088054,4.688088054,4.688088054,4.688088054,17.50,17.50,17.5,11.42439613,11.42439613,11.42439613,10.5,10.5,10.5,14.16639374,5.580200964,5.580200964,21.85,21.85,21.85,856.5589798,638.4589798,526.7431415,390.4431415,261.1431415,1064.45,744.7032977,299.5732372,719.0166877,322.704641,196.7864991,1396.649277,949.9215077,663.644847,754.7913603,496.2423907,249.5982529,1245.848356,824.5983557,689.8109918
3/19/22,6.362581665,6.362581665,6.362581665,6.362581665,6.362581665,6.85,6.85,6.85,15.07910549,15.07910549,15.07910549,20.5,20.5,20.5,19.1,8.516765836,8.516765836,25,25,25,862.9215614,644.8215614,533.1057232,396.8057232,267.5057232,1071.3,751.5532977,306.4232372,734.0957932,337.7837465,211.8656046,1417.149277,970.4215077,684.144847,773.8913603,504.7591565,258.1150188,1270.848356,849.5983557,714.8109918
3/20/22,2.344957113,2.344957113,2.344957113,2.344957113,2.344957113,9.70,9.70,9.7,15.5,15.5,15.5,23,23,23,5.5,13.9,13.9,18.5,18.5,18.5,865.2665185,647.1665185,535.4506803,399.1506803,269.8506803,1081,761.2532977,316.1232372,749.5957932,353.2837465,227.3656046,1440.149277,993.4215077,707.144847,779.3913603,518.6591565,272.0150188,1289.348356,868.0983557,733.3109918
3/21/22,1.545362426,1.545362426,1.545362426,1.545362426,1.545362426,6.47,6.47,6.474421826,1.189914227,1.189914227,1.189914227,6.83987527,6.83987527,6.83987527,9.153657517,4.099918142,4.099918142,11.54498915,11.54498915,11.54498915,866.811881,648.711881,536.9960427,400.6960427,271.3960427,1087.47,767.7277195,322.5976591,750.7857074,354.4736607,228.5555188,1446.989152,1000.261383,713.9847223,788.5450178,522.7590746,276.1149369,1300.893345,879.6433449,744.855981
3/22/22,0,0,0,0,0,4.36,4.36,4.360321636,2.81077819,2.81077819,2.81077819,14,14,14,3.425663207,1.735351477,1.735351477,12.63116634,12.63116634,12.63116634,866.811881,648.711881,536.9960427,400.6960427,271.3960427,1091.83,772.0880412,326.9579807,753.5964856,357.2844389,231.366297,1460.989152,1014.261383,727.9847223,791.9706811,524.4944261,277.8502884,1313.524511,892.2745112,757.4871473
3/23/22,0.327035851,0.327035851,0.327035851,0.327035851,0.327035851,2.62,2.62,2.617125229,0.530754736,0.530754736,0.530754736,17.5,17.5,17.5,1.720166914,6.655949703,6.655949703,11.1,11.1,11.1,867.1389168,649.0389168,537.3230786,401.0230786,271.7230786,1094.45,774.7051664,329.5751059,754.1272404,357.8151937,231.8970517,1478.489152,1031.761383,745.4847223,793.690848,531.1503758,284.5062381,1324.624511,903.3745112,768.5871473
3/24/22,1.945414791,1.945414791,1.945414791,1.945414791,1.945414791,0.43,0.43,0.433288089,0.685870726,0.685870726,0.685870726,11.5,11.5,11.5,8.818614025,6.31457725,6.31457725,21.15,21.15,21.15,869.0843316,650.9843316,539.2684934,402.9684934,273.6684934,1094.88,775.1384545,330.008394,754.8131111,358.5010644,232.5829224,1489.989152,1043.261383,756.9847223,802.509462,537.4649531,290.8208153,1345.774511,924.5245112,789.7371473
3/25/22,4.985716846,4.985716846,4.985716846,4.985716846,4.985716846,9.49,9.49,9.489907489,7.502933409,7.502933409,7.502933409,9,9,9,1.800458369,3.963314238,3.963314238,15.35,15.35,15.35,874.0700485,655.9700485,544.2542102,407.9542102,278.6542102,1104.37,784.628362,339.4983015,762.3160445,366.0039978,240.0858558,1498.989152,1052.261383,765.9847223,804.3099204,541.4282673,294.7841296,1361.124511,939.8745112,805.0871473
3/26/22,2.137034064,2.137034064,2.137034064,2.137034064,2.137034064,5.40,5.40,5.396525737,2.910584335,2.910584335,2.910584335,13,13,13,0.296013552,3.368903498,3.368903498,7,7,7,876.2070825,658.1070825,546.3912443,410.0912443,280.7912443,1109.77,790.0248877,344.8948272,765.2266288,368.9145821,242.9964402,1511.989152,1065.261383,778.9847223,804.6059339,544.7971708,298.1530331,1368.124511,946.8745112,812.0871473
3/27/22,0,0,0,0,0,0.93,0.93,0.925852701,0,0,0,4.403682487,4.403682487,4.403682487,0,1.034141971,1.034141971,1.29368633,1.29368633,1.29368633,876.2070825,658.1070825,546.3912443,410.0912443,280.7912443,1110.7,790.9507404,345.8206799,765.2266288,368.9145821,242.9964402,1516.392835,1069.665065,783.3884048,804.6059339,545.8313128,299.187175,1369.418198,948.1681975,813.3808337
3/28/22,0,0,0,0,0,0.00,0.00,0,0,0,0,0.108609574,0.108609574,0.108609574,0,2.071222257,2.071222257,0,0,0,876.2070825,658.1070825,546.3912443,410.0912443,280.7912443,1110.7,790.9507404,345.8206799,765.2266288,368.9145821,242.9964402,1516.501444,1069.773675,783.4970143,804.6059339,547.902535,301.2583973,1369.418198,948.1681975,813.3808337
3/29/22,0,0,0,0,0,0.00,0.00,0,0,0,0,0,0,0,0,14.6164971,14.6164971,0.265320987,0.265320987,0.265320987,876.2070825,658.1070825,546.3912443,410.0912443,280.7912443,1110.7,790.9507404,345.8206799,765.2266288,368.9145821,242.9964402,1516.501444,1069.773675,783.4970143,804.6059339,562.5190321,315.8748944,1369.683519,948.4335185,813.6461547
3/30/22,0,0,0,0,0,1.30,1.30,1.297027797,0,0,0,1.121723739,1.121723739,1.121723739,2.555449836,2.739286753,2.739286753,4.544536192,4.544536192,4.544536192,876.2070825,658.1070825,546.3912443,410.0912443,280.7912443,1112,792.2477682,347.1177077,765.2266288,368.9145821,242.9964402,1517.623168,1070.895399,784.6187381,807.1613837,565.2583189,318.6141812,1374.228055,952.9780547,818.1906908
3/31/22,0.080191434,0.080191434,0.080191434,0.080191434,0.080191434,8.73,8.73,8.72991008,2.799507066,2.799507066,2.799507066,11.42439613,11.42439613,11.42439613,14.95,9.135734986,9.135734986,22.15,22.15,22.15,876.287274,658.187274,546.4714357,410.1714357,280.8714357,1120.73,800.9776783,355.8476178,768.0261359,371.7140892,245.7959472,1529.047564,1082.319795,796.0431342,822.1113837,574.3940539,327.7499161,1396.378055,975.1280547,840.3406908
4/1/22,5.658754818,5.658754818,5.658754818,5.658754818,5.658754818,7.87,7.87,7.871630629,12.23167648,12.23167648,12.23167648,21,21,21,4.229104717,16.44677166,16.44677166,14.75,14.75,14.75,881.9460288,663.8460288,552.1301905,415.8301905,286.5301905,1128.6,808.8493089,363.7192484,780.2578124,383.9457657,258.0276237,1550.047564,1103.319795,817.0431342,826.3404885,590.8408255,344.1966878,1411.128055,989.8780547,855.0906908
4/2/22,0.878711113,0.878711113,0.878711113,0.878711113,0.878711113,5.20,5.20,5.204010954,0.124897677,0.124897677,0.124897677,6.305692706,6.305692706,6.305692706,3.45753496,20.6,20.6,5.812887092,5.812887092,5.812887092,882.8247399,664.7247399,553.0089016,416.7089016,287.4089016,1133.8,814.0533199,368.9232594,780.3827101,384.0706634,258.1525214,1556.353257,1109.625488,823.3488269,829.7980234,611.4408255,364.7966878,1416.940942,995.6909418,860.9035779
4/3/22,1.115451446,1.115451446,1.115451446,1.115451446,1.115451446,4.10,4.10,4.102404217,1.229104717,1.229104717,1.229104717,9,9,9,1.860952935,15.5,15.5,11.15,11.15,11.15,883.9401913,665.8401913,554.1243531,417.8243531,288.5243531,1137.9,818.1557241,373.0256636,781.6118148,385.2997681,259.3816261,1565.353257,1118.625488,832.3488269,831.6589764,626.9408255,380.2966878,1428.090942,1006.840942,872.0535779
4/4/22,3.680322096,3.680322096,3.680322096,3.680322096,3.680322096,5.91,5.91,5.906029516,0.468676505,0.468676505,0.468676505,7.310158439,7.310158439,7.310158439,2.443629734,4.229484739,4.229484739,6.633506204,6.633506204,6.633506204,887.6205134,669.5205134,557.8046752,421.5046752,292.2046752,1143.81,824.0617536,378.9316931,782.0804913,385.7684446,259.8503026,1572.663415,1125.935646,839.6589854,834.1026061,631.1703103,384.5261725,1434.724448,1013.474448,878.6870841
4/5/22,5.761024184,5.761024184,5.761024184,5.761024184,5.761024184,7.92,7.92,7.921873198,0.685870726,0.685870726,0.685870726,8.5,8.5,8.5,7.542714495,3.713405559,3.713405559,11.7,11.7,11.7,893.3815376,675.2815376,563.5656994,427.2656994,297.9656994,1151.73,831.9836268,386.8535663,782.766362,386.4543153,260.5361734,1581.163415,1134.435646,848.1589854,841.6453206,634.8837158,388.2395781,1446.424448,1025.174448,890.3870841
4/6/22,10.53781037,10.53781037,10.53781037,10.53781037,10.53781037,6.40,6.40,6.4,9.916499221,9.916499221,9.916499221,11,11,11,9.35,5.614612178,5.614612178,13.05,13.05,13.05,903.919348,685.819348,574.1035097,437.8035097,308.5035097,1158.13,838.3836268,393.2535663,792.6828612,396.3708145,270.4526726,1592.163415,1145.435646,859.1589854,850.9953206,640.498328,393.8541903,1459.474448,1038.224448,903.4370841
4/7/22,5.081919438,5.081919438,5.081919438,5.081919438,5.081919438,7.20,7.20,7.2,13.5,13.5,13.5,15,15,15,7.05,9.406580787,9.406580787,15.45,15.45,15.45,909.0012674,690.9012674,579.1854292,442.8854292,313.5854292,1165.33,845.5836268,400.4535663,806.1828612,409.8708145,283.9526726,1607.163415,1160.435646,874.1589854,858.0453206,649.9049088,403.2607711,1474.924448,1053.674448,918.8870841
4/8/22,2.791694125,2.791694125,2.791694125,2.791694125,2.791694125,9.60,9.60,9.596354054,7,7,7,6,6,6,1.916927691,12.60632403,12.60632403,13.55,13.55,13.55,911.7929615,693.6929615,581.9771233,445.6771233,316.3771233,1174.93,855.1799809,410.0499204,813.1828612,416.8708145,290.9526726,1613.163415,1166.435646,880.1589854,859.9622483,662.5112328,415.8670951,1488.474448,1067.224448,932.4370841
4/9/22,1.406184737,1.406184737,1.406184737,1.406184737,1.406184737,5.50,5.50,5.499117496,5.327068233,5.327068233,5.327068233,12,12,12,2.543601664,27.15,27.15,10.15,10.15,10.15,913.1991463,695.0991463,583.383308,447.083308,317.783308,1180.43,860.6790984,415.5490379,818.5099295,422.1978828,296.2797408,1625.163415,1178.435646,892.1589854,862.5058499,689.6612328,443.0170951,1498.624448,1077.374448,942.5870841
4/10/22,2.522469006,2.522469006,2.522469006,2.522469006,2.522469006,2.38,2.38,2.379511326,2.229299363,2.229299363,2.229299363,6.530754736,6.530754736,6.530754736,1.24613994,30.2,30.2,3.614285316,3.614285316,3.614285316,915.7216153,697.6216153,585.905777,449.605777,320.305777,1182.81,863.0586097,417.9285492,820.7392288,424.4271821,298.5090402,1631.69417,1184.966401,898.6897401,863.7519899,719.8612328,473.2170951,1502.238733,1080.988733,946.2013695
4/11/22,6.45020518,6.45020518,6.45020518,6.45020518,6.45020518,9.25,9.25,9.249216739,0,0,0,4.128129363,4.128129363,4.128129363,5.520298367,24.35,24.35,8.498758393,8.498758393,8.498758393,922.1718205,704.0718205,592.3559822,456.0559822,326.7559822,1192.06,872.3078264,427.1777659,820.7392288,424.4271821,298.5090402,1635.822299,1189.09453,902.8178695,869.2722882,744.2112328,497.5670951,1510.737492,1089.487492,954.7001279
4/12/22,12.9,12.9,12.9,12.9,12.9,17.65,17.65,17.65,9.208627364,9.208627364,9.208627364,15.5,15.5,15.5,17.2,22.65,22.65,21.75,21.75,21.75,935.0718205,716.9718205,605.2559822,468.9559822,339.6559822,1209.71,889.9578264,444.8277659,829.9478562,433.6358095,307.7176675,1651.322299,1204.59453,918.3178695,886.4722882,766.8612328,520.2170951,1532.487492,1111.237492,976.4501279
4/13/22,7.55,7.55,7.55,7.55,7.55,17.02,17.02,17.0161835,9.260741916,9.260741916,9.260741916,24,24,24,19.65,21.85,21.85,26.35,26.35,26.35,942.6218205,724.5218205,612.8059822,476.5059822,347.2059822,1226.73,906.9740099,461.8439494,839.2085981,442.8965514,316.9784095,1675.322299,1228.59453,942.3178695,906.1222882,788.7112328,542.0670951,1558.837492,1137.587492,1002.800128
4/14/22,14.75,14.75,14.75,14.75,14.75,19.25,19.25,19.25,22.5,22.5,22.5,33.5,33.5,33.5,15.1681025,5.582653844,5.582653844,27.05,27.05,27.05,957.3718205,739.2718205,627.5559822,491.2559822,361.9559822,1245.98,926.2240099,481.0939494,861.7085981,465.3965514,339.4784095,1708.822299,1262.09453,975.8178695,921.2903907,794.2938867,547.6497489,1585.887492,1164.637492,1029.850128
4/15/22,10.75,10.75,10.75,10.75,10.75,12.67,12.67,12.67333974,13.33584297,13.33584297,13.33584297,21,21,21,11.77941921,0.098524861,0.098524861,16.8,16.8,16.8,968.1218205,750.0218205,638.3059822,502.0059822,372.7059822,1258.65,938.8973497,493.7672892,875.0444411,478.7323944,352.8142524,1729.822299,1283.09453,996.8178695,933.06981,794.3924115,547.7482738,1602.687492,1181.437492,1046.650128
4/16/22,3.115179409,3.115179409,3.115179409,3.115179409,3.115179409,13.70,13.70,13.7,10.5,10.5,10.5,23.5,23.5,23.5,11.85,9.604830335,9.604830335,21.3,21.3,21.3,971.2369999,753.1369999,641.4211616,505.1211616,375.8211616,1272.35,952.5973497,507.4672892,885.5444411,489.2323944,363.3142524,1753.322299,1306.59453,1020.317869,944.91981,803.9972419,557.3531041,1623.987492,1202.737492,1067.950128
4/17/22,1.426255176,1.426255176,1.426255176,1.426255176,1.426255176,1.85,1.85,1.850365641,1.189914227,1.189914227,1.189914227,22,22,22,2.406298017,20.85,20.85,8.018191461,8.018191461,8.018191461,972.6632551,754.5632551,642.8474168,506.5474168,377.2474168,1274.2,954.4477153,509.3176548,886.7343553,490.4223086,364.5041667,1775.322299,1328.59453,1042.317869,947.326108,824.8472419,578.2031041,1632.005683,1210.755683,1075.968319
4/18/22,4.641656883,4.641656883,4.641656883,4.641656883,4.641656883,7.12,7.12,7.118212156,0.288124779,0.288124779,0.288124779,6.046561622,6.046561622,6.046561622,0,25.85,25.85,3.569535388,3.569535388,3.569535388,977.3049119,759.2049119,647.4890737,511.1890737,381.8890737,1281.32,961.5659275,516.435867,887.0224801,490.7104334,364.7922914,1781.368861,1334.641092,1048.364431,947.326108,850.6972419,604.0531041,1635.575219,1214.325219,1079.537855
4/19/22,2.266251804,2.266251804,2.266251804,2.266251804,2.266251804,3.70,3.70,3.704296766,2.700650252,2.700650252,2.700650252,2.263501927,2.263501927,2.263501927,0,16.15,16.15,6.35,6.35,6.35,979.5711637,761.4711637,649.7553255,513.4553255,384.1553255,1285.02,965.2702242,520.1401638,889.7231303,493.4110836,367.4929417,1783.632363,1336.904594,1050.627933,947.326108,866.8472419,620.2031041,1641.925219,1220.675219,1085.887855
4/20/22,2.244331147,2.244331147,2.244331147,2.244331147,2.244331147,6.68,6.68,6.677820151,0,0,0,3.627811211,3.627811211,3.627811211,5.158106537,2.899033402,2.899033402,8.084339939,8.084339939,8.084339939,981.8154949,763.7154949,651.9996566,515.6996566,386.3996566,1291.7,971.9480444,526.8179839,889.7231303,493.4110836,367.4929417,1787.260174,1340.532405,1054.255744,952.4842145,869.7462753,623.1021375,1650.009559,1228.759559,1093.972195
4/21/22,5.784389548,5.784389548,5.784389548,5.784389548,5.784389548,7.68,7.68,7.68498021,3.772503212,3.772503212,3.772503212,11.5,11.5,11.5,6.1,2.242456615,2.242456615,11.755554,11.755554,11.755554,987.5998844,769.4998844,657.7840462,521.4840462,392.1840462,1299.38,979.6330246,534.5029641,893.4956335,497.1835868,371.2654449,1798.760174,1352.032405,1065.755744,958.5842145,871.9887319,625.3445942,1661.765113,1240.515113,1105.727749
4/22/22,6.513924766,6.513924766,6.513924766,6.513924766,6.513924766,12.40,12.40,12.4,6.5,6.5,6.5,15,15,15,10.21192544,4.065880054,4.065880054,19.15,19.15,19.15,994.1138092,776.0138092,664.297971,527.997971,398.697971,1311.78,992.0330246,546.9029641,899.9956335,503.6835868,377.7654449,1813.760174,1367.032405,1080.755744,968.79614,876.0546119,629.4104742,1680.915113,1259.665113,1124.877749
4/23/22,3.097741087,3.097741087,3.097741087,3.097741087,3.097741087,10.73,10.73,10.72914702,4.829130566,4.829130566,4.829130566,19.5,19.5,19.5,17.25,9.051382409,9.051382409,16.45,16.45,16.45,997.2115503,779.1115503,667.395712,531.095712,401.795712,1322.51,1002.762172,557.6321111,904.8247641,508.5127174,382.5945755,1833.260174,1386.532405,1100.255744,986.04614,885.1059944,638.4618566,1697.365113,1276.115113,1141.327749
4/24/22,9.719879662,9.719879662,9.719879662,9.719879662,9.719879662,11.80,11.80,11.8,11,11,11,23,23,23,22.45,9.578440279,9.578440279,22.8,22.8,22.8,1006.93143,788.8314299,677.1155917,540.8155917,411.5155917,1334.31,1014.562172,569.4321111,915.8247641,519.5127174,393.5945755,1856.260174,1409.532405,1123.255744,1008.49614,894.6844346,648.0402969,1720.165113,1298.915113,1164.127749
4/25/22,17.8,17.8,17.8,17.8,17.8,13.37,13.37,13.37390044,26.5,26.5,26.5,25.5,25.5,25.5,22.35,8.55,8.55,17.15,17.15,17.15,1024.73143,806.6314299,694.9155917,558.6155917,429.3155917,1347.68,1027.936072,582.8060116,942.3247641,546.0127174,420.0945755,1881.760174,1435.032405,1148.755744,1030.84614,903.2344346,656.5902969,1737.315113,1316.065113,1181.277749
4/26/22,15.75,15.75,15.75,15.75,15.75,12.80,12.80,12.8,24,24,24,21.5,21.5,21.5,13.05,9.25,9.25,26.05,26.05,26.05,1040.48143,822.3814299,710.6655917,574.3655917,445.0655917,1360.48,1040.736072,595.6060116,966.3247641,570.0127174,444.0945755,1903.260174,1456.532405,1170.255744,1043.89614,912.4844346,665.8402969,1763.365113,1342.115113,1207.327749
4/27/22,4.030033791,4.030033791,4.030033791,4.030033791,4.030033791,7.65,7.65,7.65,7.310158439,7.310158439,7.310158439,17.5,17.5,17.5,1.43745942,9.7,9.7,11.4,11.4,11.4,1044.511464,826.4114637,714.6956255,578.3956255,449.0956255,1368.13,1048.386072,603.2560116,973.6349226,577.3228759,451.4047339,1920.760174,1474.032405,1187.755744,1045.333599,922.1844346,675.5402969,1774.765113,1353.515113,1218.727749
4/28/22,3.769059782,3.769059782,3.769059782,3.769059782,3.769059782,5.98,5.98,5.984312007,0,0,0,7.99060235,7.99060235,7.99060235,4.788218278,4.741776982,4.741776982,7.119594748,7.119594748,7.119594748,1048.280524,830.1805235,718.4646853,582.1646853,452.8646853,1374.11,1054.370384,609.2403236,973.6349226,577.3228759,451.4047339,1928.750776,1482.023007,1195.746347,1050.121818,926.9262116,680.2820739,1781.884707,1360.634707,1225.847343
4/29/22,6.099864268,6.099864268,6.099864268,6.099864268,6.099864268,7.53,7.53,7.52803958,0.82116867,0.82116867,0.82116867,7.411369941,7.411369941,7.411369941,8.191233382,0.944851177,0.944851177,8.583123522,8.583123522,8.583123522,1054.380388,836.2803878,724.5645495,588.2645495,458.9645495,1381.64,1061.898424,616.7683632,974.4560912,578.1440445,452.2259026,1936.162146,1489.434377,1203.157717,1058.313051,927.8710628,681.2269251,1790.467831,1369.217831,1234.430467
4/30/22,9.027204719,9.027204719,9.027204719,9.027204719,9.027204719,9.44,9.44,9.435851653,2.750864706,2.750864706,2.750864706,10.40011271,10.40011271,10.40011271,9.762682789,1.174764772,1.174764772,11.62807157,11.62807157,11.62807157,1063.407593,845.3075925,733.5917543,597.2917543,467.9917543,1391.08,1071.334275,626.2042148,977.2069559,580.8949092,454.9767673,1946.562259,1499.83449,1213.557829,1068.075734,929.0458276,682.4016898,1802.095902,1380.845902,1246.058538
5/1/22,11.94997291,11.94997291,11.94997291,11.94997291,11.94997291,13.68,13.68,13.6776208,6.194680849,6.194680849,6.194680849,16.5,16.5,16.5,10.75,7.347399184,7.347399184,12.99420935,12.99420935,12.99420935,1075.357565,857.2575654,745.5417272,609.2417272,479.9417272,1404.76,1085.011896,639.8818356,983.4016368,587.0895901,461.1714481,1963.062259,1516.33449,1230.057829,1078.825734,936.3932268,689.749089,1815.090112,1393.840112,1259.052748
5/2/22,11.1,11.1,11.1,11.1,11.1,11.90,11.90,11.9,14.58019143,14.58019143,14.58019143,16.5,16.5,16.5,15.55,8.235730538,8.235730538,27,27,27,1086.457565,868.3575654,756.6417272,620.3417272,491.0417272,1416.66,1096.911896,651.7818356,997.9818282,601.6697815,475.7516396,1979.562259,1532.83449,1246.557829,1094.375734,944.6289573,697.9848195,1842.090112,1420.840112,1286.052748
5/3/22,17.35,17.35,17.35,17.35,17.35,11.50,11.50,11.5,15.5,15.5,15.5,26.5,26.5,26.5,12.18939429,13.423768,13.423768,17.15,17.15,17.15,1103.807565,885.7075654,773.9917272,637.6917272,508.3917272,1428.16,1108.411896,663.2818356,1013.481828,617.1697815,491.2516396,2006.062259,1559.33449,1273.057829,1106.565128,958.0527253,711.4085875,1859.240112,1437.990112,1303.202748
5/4/22,14.25,14.25,14.25,14.25,14.25,11.90,11.90,11.9,19.5,19.5,19.5,23.5,23.5,23.5,19.15,13.55,13.55,23.75,23.75,23.75,1118.057565,899.9575654,788.2417272,651.9417272,522.6417272,1440.06,1120.311896,675.1818356,1032.981828,636.6697815,510.7516396,2029.562259,1582.83449,1296.557829,1125.715128,971.6027253,724.9585875,1882.990112,1461.740112,1326.952748
5/5/22,10.85,10.85,10.85,10.85,10.85,16.85,16.85,16.85,12,12,12,23.5,23.5,23.5,20.45,23.15,23.15,21.4,21.4,21.4,1128.907565,910.8075654,799.0917272,662.7917272,533.4917272,1456.91,1137.161896,692.0318356,1044.981828,648.6697815,522.7516396,2053.062259,1606.33449,1320.057829,1146.165128,994.7527253,748.1085875,1904.390112,1483.140112,1348.352748
5/6/22,9.7,9.7,9.7,9.7,9.7,15.05,15.05,15.05,14,14,14,20,20,20,14.15,20,20,18.1,18.1,18.1,1138.607565,920.5075654,808.7917272,672.4917272,543.1917272,1471.96,1152.211896,707.0818356,1058.981828,662.6697815,536.7516396,2073.062259,1626.33449,1340.057829,1160.315128,1014.752725,768.1085875,1922.490112,1501.240112,1366.452748
5/7/22,9.948749551,9.948749551,9.948749551,9.948749551,9.948749551,11.65,11.65,11.65,12.5,12.5,12.5,14.5,14.5,14.5,5.7,14.67128612,14.67128612,10.1,10.1,10.1,1148.556315,930.456315,818.7404767,682.4404767,553.1404767,1483.61,1163.861896,718.7318356,1071.481828,675.1697815,549.2516396,2087.562259,1640.83449,1354.557829,1166.015128,1029.424011,782.7798737,1932.590112,1511.340112,1376.552748
5/8/22,13.5716784,13.5716784,13.5716784,13.5716784,13.5716784,10.19,10.19,10.19309576,6.790505781,6.790505781,6.790505781,7,7,7,9.256386852,18.36608739,18.36608739,8.7,8.7,8.7,1162.127993,944.0279934,832.3121551,696.0121551,566.7121551,1493.8,1174.054992,728.9249314,1078.272334,681.9602873,556.0421453,2094.562259,1647.83449,1361.557829,1175.271515,1047.790099,801.1459611,1941.290112,1520.040112,1385.252748
5/9/22,17.31748372,17.31748372,17.31748372,17.31748372,17.31748372,13.13,13.13,13.13353606,9.557612177,9.557612177,9.557612177,7.288124779,7.288124779,7.288124779,14.18277542,22.9,22.9,15.3,15.3,15.3,1179.445477,961.3454771,849.6296388,713.3296388,584.0296388,1506.93,1187.188528,742.0584674,1087.829946,691.5178995,565.5997575,2101.850384,1655.122615,1368.845954,1189.45429,1070.690099,824.0459611,1956.590112,1535.340112,1400.552748
5/10/22,25.35,25.35,25.35,25.35,25.35,15.36,15.36,15.35755895,13.78648165,13.78648165,13.78648165,17,17,17,17.8,19.7,19.7,17.3,17.3,17.3,1204.795477,986.6954771,874.9796388,738.6796388,609.3796388,1522.29,1202.546087,757.4160264,1101.616428,705.3043811,579.3862392,2118.850384,1672.122615,1385.845954,1207.25429,1090.390099,843.7459611,1973.890112,1552.640112,1417.852748
5/11/22,27.8,27.8,27.8,27.8,27.8,19.04,19.04,19.04203462,19,19,19,19.5,19.5,19.5,19.7,18.9,18.9,16.3,16.3,16.3,1232.595477,1014.495477,902.7796388,766.4796388,637.1796388,1541.33,1221.588121,776.458061,1120.616428,724.3043811,598.3862392,2138.350384,1691.622615,1405.345954,1226.95429,1109.290099,862.6459611,1990.190112,1568.940112,1434.152748
5/12/22,28.8,28.8,28.8,28.8,28.8,24.85,24.85,24.85,22.5,22.5,22.5,0,0,0,19.3,17.0368121,17.0368121,16.5,16.5,16.5,1261.395477,1043.295477,931.5796388,795.2796388,665.9796388,1566.18,1246.438121,801.308061,1143.116428,746.8043811,620.8862392,2138.350384,1691.622615,1405.345954,1246.25429,1126.326911,879.6827732,2006.690112,1585.440112,1450.652748
5/13/22,34.15,34.15,34.15,34.15,34.15,31.75,31.75,31.75,29.5,29.5,29.5,0,0,0,27.4,15.10109201,15.10109201,0,0,0,1295.545477,1077.445477,965.7296388,829.4296388,700.1296388,1597.93,1278.188121,833.058061,1172.616428,776.3043811,650.3862392,2138.350384,1691.622615,1405.345954,1273.65429,1141.428003,894.7838652,2006.690112,1585.440112,1450.652748
5/14/22,33.95,33.95,33.95,33.95,33.95,35.10,35.10,35.1,31.5,31.5,31.5,0,0,0,28.5,14.75,14.75,0,0,0,1329.495477,1111.395477,999.6796388,863.3796388,734.0796388,1633.03,1313.288121,868.158061,1204.116428,807.8043811,681.8862392,2138.350384,1691.622615,1405.345954,1302.15429,1156.178003,909.5338652,2006.690112,1585.440112,1450.652748
5/15/22,28.7,28.7,28.7,28.7,28.7,32.95,32.95,32.95,31.5,31.5,31.5,0,0,0,30.1,9.727263402,9.727263402,0,0,0,1358.195477,1140.095477,1028.379639,892.0796388,762.7796388,1665.98,1346.238121,901.108061,1235.616428,839.3043811,713.3862392,2138.350384,1691.622615,1405.345954,1332.25429,1165.905266,919.2611286,2006.690112,1585.440112,1450.652748
5/16/22,29.15,29.15,29.15,29.15,29.15,31.50,31.50,31.5,28.5,28.5,28.5,0,0,0,19.85,19.95,19.95,0,0,0,1387.345477,1169.245477,1057.529639,921.2296388,791.9296388,1697.48,1377.738121,932.608061,1264.116428,867.8043811,741.8862392,2138.350384,1691.622615,1405.345954,1352.10429,1185.855266,939.2111286,2006.690112,1585.440112,1450.652748
5/17/22,16.5,16.5,16.5,16.5,16.5,21.60,21.60,21.6,20.5,20.5,20.5,0,0,0,17.7,17.3,17.3,0,0,0,1403.845477,1185.745477,1074.029639,937.7296388,808.4296388,1719.08,1399.338121,954.208061,1284.616428,888.3043811,762.3862392,2138.350384,1691.622615,1405.345954,1369.80429,1203.155266,956.5111286,2006.690112,1585.440112,1450.652748
5/18/22,15,15,15,15,15,19.90,19.90,19.9,9.5,9.5,9.5,0,0,0,11.50831074,20.6,20.6,0,0,0,1418.845477,1200.745477,1089.029639,952.7296388,823.4296388,1738.98,1419.238121,974.108061,1294.116428,897.8043811,771.8862392,2138.350384,1691.622615,1405.345954,1381.312601,1223.755266,977.1111286,2006.690112,1585.440112,1450.652748
5/19/22,13.5,13.5,13.5,13.5,13.5,13.15,13.15,13.15,14.5,14.5,14.5,0,0,0,23.35,21.25,21.25,0,0,0,1432.345477,1214.245477,1102.529639,966.2296388,836.9296388,1752.13,1432.388121,987.258061,1308.616428,912.3043811,786.3862392,2138.350384,1691.622615,1405.345954,1404.662601,1245.005266,998.3611286,2006.690112,1585.440112,1450.652748
5/20/22,19,19,19,19,19,22.85,22.85,22.85,19.5,19.5,19.5,0,0,0,23.7,23.7,23.7,0,0,0,1451.345477,1233.245477,1121.529639,985.2296388,855.9296388,1774.98,1455.238121,1010.108061,1328.116428,931.8043811,805.8862392,2138.350384,1691.622615,1405.345954,1428.362601,1268.705266,1022.061129,2006.690112,1585.440112,1450.652748
5/21/22,0,0,0,0,0,35.35,35.35,35.35,31,31,31,0,0,0,32.95,32.95,32.95,0,0,0,1451.345477,1233.245477,1121.529639,985.2296388,855.9296388,1810.33,1490.588121,1045.458061,1359.116428,962.8043811,836.8862392,2138.350384,1691.622615,1405.345954,1461.312601,1301.655266,1055.011129,2006.690112,1585.440112,1450.652748
5/22/22,0,0,0,0,0,39.25,39.25,39.25,34.5,34.5,34.5,0,0,0,30.4,30.4,30.4,0,0,0,1451.345477,1233.245477,1121.529639,985.2296388,855.9296388,1849.58,1529.838121,1084.708061,1393.616428,997.3043811,871.3862392,2138.350384,1691.622615,1405.345954,1491.712601,1332.055266,1085.411129,2006.690112,1585.440112,1450.652748
5/23/22,0,0,0,0,0,22.15,22.15,22.15,24,24,24,0,0,0,15.1,15.1,15.1,0,0,0,1451.345477,1233.245477,1121.529639,985.2296388,855.9296388,1871.73,1551.988121,1106.858061,1417.616428,1021.304381,895.3862392,2138.350384,1691.622615,1405.345954,1506.812601,1347.155266,1100.511129,2006.690112,1585.440112,1450.652748
5/24/22,0,0,0,0,0,20.90,20.90,20.9,10.5,10.5,10.5,0,0,0,15.3,15.3,15.3,0,0,0,1451.345477,1233.245477,1121.529639,985.2296388,855.9296388,1892.63,1572.888121,1127.758061,1428.116428,1031.804381,905.8862392,2138.350384,1691.622615,1405.345954,1522.112601,1362.455266,1115.811129,2006.690112,1585.440112,1450.652748
5/25/22,0,0,0,0,0,22.15,22.15,22.15,20,20,20,0,0,0,20.25,20.25,20.25,0,0,0,1451.345477,1233.245477,1121.529639,985.2296388,855.9296388,1914.78,1595.038121,1149.908061,1448.116428,1051.804381,925.8862392,2138.350384,1691.622615,1405.345954,1542.362601,1382.705266,1136.061129,2006.690112,1585.440112,1450.652748
5/26/22,0,0,0,0,0,0,0,0,26,26,26,0,0,0,24.25,24.25,24.25,0,0,0,1451.345477,1233.245477,1121.529639,985.2296388,855.9296388,1914.78,1595.038121,1149.908061,1474.116428,1077.804381,951.8862392,2138.350384,1691.622615,1405.345954,1566.612601,1406.955266,1160.311129,2006.690112,1585.440112,1450.652748
5/27/22,0,0,0,0,0,0,0,0,28,28,28,0,0,0,0,0,0,0,0,0,1451.345477,1233.245477,1121.529639,985.2296388,855.9296388,1914.78,1595.038121,1149.908061,1502.116428,1105.804381,979.8862392,2138.350384,1691.622615,1405.345954,1566.612601,1406.955266,1160.311129,2006.690112,1585.440112,1450.652748
5/28/22,0,0,0,0,0,0,0,0,28,28,28,0,0,0,0,0,0,0,0,0,1451.345477,1233.245477,1121.529639,985.2296388,855.9296388,1914.78,1595.038121,1149.908061,1530.116428,1133.804381,1007.886239,2138.350384,1691.622615,1405.345954,1566.612601,1406.955266,1160.311129,2006.690112,1585.440112,1450.652748
5/29/22,0,0,0,0,0,0,0,0,19,19,19,0,0,0,0,0,0,0,0,0,1451.345477,1233.245477,1121.529639,985.2296388,855.9296388,1914.78,1595.038121,1149.908061,1549.116428,1152.804381,1026.886239,2138.350384,1691.622615,1405.345954,1566.612601,1406.955266,1160.311129,2006.690112,1585.440112,1450.652748
5/30/22,0,0,0,0,0,0,0,0,26,26,26,0,0,0,0,0,0,0,0,0,1451.345477,1233.245477,1121.529639,985.2296388,855.9296388,1914.78,1595.038121,1149.908061,1575.116428,1178.804381,1052.886239,2138.350384,1691.622615,1405.345954,1566.612601,1406.955266,1160.311129,2006.690112,1585.440112,1450.652748
5/31/22,0,0,0,0,0,0,0,0,32.5,32.5,32.5,0,0,0,0,0,0,0,0,0,1451.345477,1233.245477,1121.529639,985.2296388,855.9296388,1914.78,1595.038121,1149.908061,1607.616428,1211.304381,1085.386239,2138.350384,1691.622615,1405.345954,1566.612601,1406.955266,1160.311129,2006.690112,1585.440112,1450.652748